Nome;Razão social;CPF;CNPJ;Inscrição estadual;E-mail principal;Telefone principal;CEP;UF;Cidade;Endereço;Número;Bairro
1000 MARCAS SAFETY BRASI L LTDA;;;23622391000181;;;;;;;;;
13º Salário;;;;;;;;;;;;
13º Salário - ª Parcela;;;;;;;;;;;;
32.125.458 HELIABES PEREIRACARNEIRO ME;32.125.458 HELIABES PEREIRACARNEIRO ME;;32125458000163;672407751114;;47522065;08696100;SP;Suzano;Av. Presbitero Eliezer Martins Costa;14;Jardim Varan
3ABR CONTROLE E AUTOMACAO;;;;;;;;;;;;
52.309.701 WILLIAN LUIZ ALVES PALANCA;52.309.701 WILLIAN LUIZ ALVES PALANCA;;52309701000100;672658648119;;11992739280;08675460;SP;Suzano;RUA REGINA CABALAU MENDONCA;339;JARDIM SAO LUIS
52725497 CLAUDINEI DE ARAUJO SILVA;;;52725497000109;;;;;;;;;
55.280.293 GERALDO ALAIDE FERNANDES;55.280.293 GERALDO ALAIDE FERNANDES;;55280293000108;137496117119;;0;05641030;SP;São Paulo;Rua Domingos Lopes da Silva;329;Vila Suzana
58.555.874 THIAGO LIMA DA SILVA;;;58555874000195;;;;;;;;;
7000 - VERACEL CELULOSE S/A;VERACEL CELULOSE S.A.;;40551996000148;30262313;GRP_FISCAL_CONTABIL@VERACEL.COM.BR;7331668023;45820970;BA;Eunápolis;BRASILANDIA, BA 275 KM 24;S/N;ZONA RURAL
A4LU COMERCIO DE COMBUSTIVEIS E DERIVADOS LTDA.;A4LU COMERCIO DE COMBUSTIVEIS E DERIVADOS LTDA.;;27594334000197;140079441;;7332812417;45031040;BA;Eunápolis;AVENIDA ANTONIO CARLOS MAGALHAES;1978;ENCANTO DAS AGUAS
ABC BOMBAS ROTATIVAS LTDA;;;;;;;;;;;;
ABTCP - Associação Brasileira Técnica de Celulose e Papel;;;62259270000179;;;;;;;;;
ABTCP ASSOCIACAO B T C PAPEL;;;;;;;;;;;;
ACEPIL COMERCIAL E IMPORTADORA LTDA;;;43455179000184;;;;;;;;;
Aciplas Comercio de Equipamentos Industriais Ltda;Aciplas Comercio de Equipamentos Industriais Ltda;;04805268000151;116737198113;;1120629272;04221040;SP;São Paulo;Rua Pedro Fachini;186;VL Independencia
ACQUA FERTIL IRRIGAÇÃO BAHIA LTDA;;;12048044000170;;;;;;;;;
ACQUALAB LABORATORIO E CONSULTORIA AMBIENTAL SS LTDA EPP;;;01663201000131;;;;;;;;;
A.C. SILVA COMERCIO DE EQUIPAMENTOS;A.C. SILVA COMERCIO DE EQUIPAMENTOS;;32079098000100;799111446116;;1128330250;09860122;SP;São Bernardo do Campo;AVENIDA ROBERT KENNEDY;2090;INDEPENDENCIA
ACTECH-HIDRÁULICA E PNEUMÁTICA;;;13568976000107;;;;;;;;;
Adisseo;;;;;;;;;;;;
Adriano Aparecido Ferreira;;;;;;;;;;;;
ADRIELLY TRANSPORTES LTDA;;;19749574000195;;;;;;;;;
ADRIELLY TRANSPORTES LTDA;;;19749574000276;;;;;;;;;
AFER INDUSTRIAL LTDA;;;03992516000158;;;;;;;;;
AGFER COMERCIO DE FERRAGENS EIRELI;AGFER COMERCIO DE FERRAGENS EIRELI;;34530620000154;672435611110;;1147461687;08615300;SP;Suzano;RUA PICA PAU;19;VILA NOVA AMORIM
AGRICOLA HORIZONTE LTDA - AMIDOS;AGRICOLA HORIZONTE LTDA - AMIDOS;;77837979001587;9020511556;;4532846535;85975970;PR;Marechal Cândido Rondon;RODOVIA PR 491 KM 06;N/A;DISTRITO NOVO TRES PASSOS
AGRIJET MOGI COMPRESSORES LTDA;AGRIJET MOGI COMPRESSORES LTDA;;23331506000189;454460003119;;1128969004;08730010;SP;Mogi das Cruzes;AVENIDA JAPAO;64;VILA VITORIA
AGROBIOTECH AGRONEGOCIO LTDA;AGROBIOTECH AGRONEGOCIO LTDA;;55480099000168;399053275118;comercial2sp@agrobiotech.com.br;21322000;14680000;SP;Jardinópolis;RUA DOMICIANO LEITE DE ASSIS;260;DIST IND ADIB RASSI
AgroGranja Equipamentos para Avicultura e Suinocultura LTDA;;;54695386000122;;;;;;;;;
Agua das Pedras;;;;;;;;;;;;
Águas polako;;;;;;;;;;;;
AIDC TECNOLOGIA LTDA;AIDC TECNOLOGIA LTDA;;07500596000138;3243563780097;;3536297550;37504110;MG;Itajubá;Avenida Pocos de Caldas;148;Distrito Industrial
AIDC TECNOLOGIA LTDA;;;;;;;;;;;;
AKEEN COSTA ALMEIDA;;;;;;;;;;;;
AKSO PRODUTOS ELETRONICOS LTDA;AKSO PRODUTOS ELETRONICOS LTDA;;05545381000108;1240218220;;5134061717;93032200;RS;São Leopoldo;EMILIO H. DEXHEIMER;357;JARDIM AMERICA
AKSO PRODUTOS ELETRONICOS LTDA;;;;;;;;;;;;
ALABE COMMERCE E SOLUCOES EM INTERNET LTDA;ALABE COMMERCE E SOLUCOES EM INTERNET LTDA;;35115405000150;131690756110;;1123621650;02330003;SP;São Paulo;Avenida Nova Cantareira;2026;Tucuruvi
ALCANTARA MANUTENÇÕES INDUSTRIAIS;;;;;;;;;;;;
ALMEIDA FLEX COMERCIO DE MANGUEIRAS LTDA;ALMEIDA FLEX COMERCIO DE MANGUEIRAS LTDA;;36713713000140;128732442113;;1120463385;08051370;SP;São Paulo;AV AUGUSTO ANTUNES;700;LIMOEIRO
ALQUIMICA;;;40162634000165;;;;;;;;;
ALVO SUPRIMENTOS COMUNICACAO VISUAL LTDA;;;10203952000166;;;;;;;;;
ALX BRASIL COMERCIO PROD QUIMICOS EIRELI;ALX BRASIL COMERCIO PROD QUIMICOS EIRELI;;18604543000264;144961433111;;1150410055;04703004;SP;São Paulo;AVENIDA MORUMBI;8473;SANTO AMARO
ALX BRASIL COMERCIO PROD QUIMICOS EIRELI;;;;;;;;;;;;
AMADEU;;;;;;;;;;;;
Americanas;;;;;;;;;;;;
AMIL ASSISTENCIA MEDICA INTERNACIONAL SA;;;29309127000179;;;;;;;;;
AMT COMERCIO E SERVIÇOS DE BOMBAS LTDA.;;;22661804000174;;;;;;;;;
ANALITICA ANALISES FISICO - QUIMICAS E MICROBIOLOGICAS LTDA;;;04543147000189;;;;;;;;;
ANANIAS DE OLIVEIRA SOUZA SUZANO;;;72691231000108;;;;;;;;;
ANDRA SA ELECTRIC SOLUTIONS;;;47674429001280;;;;;;;;;
Andrei - Representante;;;;;;;;;;;;
Andrelaine Ind. e Com. de Móveis Ltda-epp;;;05794760000131;;;;;;;;;
ANE ANE SPORT;;;63260756000190;;;;;;;;;
An Lui Atelie Uniformes;;;04475022000169;;;;;;;;;
ANTONIO L FERREIRA S A COMERCIAL E IMPORTADORA;ANTONIO L FERREIRA S A COMERCIAL E IMPORTADORA;;60452034000149;100025236110;;1133243099;01030000;SP;São Paulo;RUA FLORENCIO DE ABREU;150;CENTRO
APARECIDO GOES GUINCHOS - ME;;;03511877000135;;;;;;;;;
AQUA FONTE PRIME COM. E DISTR. DE AGUA MINERAL LTDA;;;15250714000125;;;;;;;;;
ARACAURIA INDUSTRIA E COMERCIO DE PAPEIS LTDA;ARAUCARIA INDUSTRIA E COMERCIO DE PAPEIS LTDA;;03505376000146;9020115600;matheus@araucariapapeis.com;46999209363;85560000;PR;Chopinzinho;LOC DE LINHA ALEGRIA;S/N;INTERIOR
Aramaki Arai Doces LTDA;;;;;;;;;;;;
ARF COMERCIO DE BOMBAS E MAQUINAS LTDA;ARF COMERCIO DE BOMBAS E MAQUINAS LTDA;;20550456000132;143681793116;;1155246849;04781065;SP;São Paulo;Rua Maria Aparecida Cardia;183;Vila Friburgo
ARLETE BRITO DOS SANTOS ME;;;23258806000180;;;;;;;;;
ARTELY MOVEIS LTDA;ARTELY MOVEIS LTDA;;01419940000182;9011343241;;4133815000;83010290;PR;São José dos Pinhais;ALAMEDA ARPO;2333;COSTEIRA
AS ASSESSORIA E TREINAMENTO LTDA;;;54015130000127;;;;;;;;;
Asia Shipping;;;;;;;;;;;;
ASSIS CHATEAUBRIAND - OFÍCIO DO DISTRIBUIDOR, CONT;;;;;;;;;;;;
Asthi Indústria e Comércio de Mangueiras;;;;;;;;;;;;
ASTHI INDUSTRIA E COMERCIO DE MANGUEIRAS LTDA;ASTHI INDUSTRIA E COMERCIO DE MANGUEIRAS LTDA;;02793596000150;305002360115;;1146346490;08538100;SP;Ferraz de Vasconcelos;Rua Prefeito Takume Koike;162;Nucleo Itaim
ATELIE ENCANTAR;;;;;;;;SP;Suzano;Rua Rua Santa Luzia;86;VILA FATIMA
ATIAS MIHAEL COM. PRODUTOS QUIMICOS LTDA;ATIAS MIHAEL COM. PRODUTOS QUIMICOS LTDA;;60756970000143;104893580118;;1131223222;01301000;SP;São Paulo;R DA CONSOLACAO;293;CONSOLACAO
(Atributo não preenchido no momento do cadastro inicial, favor revisar!);;;;;;;;;;;;
AUTOPLAN PECAS E SERVICOS AUTOMOTIVOS LTDA;AUTOPLAN PECAS E SERVICOS AUTOMOTIVOS LTDA;;04768158000167;56488739;;7332638777;45989040;BA;Teixeira de Freitas;RODOVIA BR-101;299;CASTELINHO
AUTO POSTO SUZAN PECAS E ACESSORIOS LTDA;AUTO POSTO SUZAN PECAS E ACESSORIOS LTDA;;74543026000112;672073454111;;;08610140;SP;Suzano;RUA PAPA JOAO XXIII;38;VILA AMORIM
AVANEX INDUSTRIA E COMERCIO LTDA;AVANEX INDUSTRIA E COMERCIO LTDA;;78668969000203;510020560110;;1340428178;11930000;SP;Pariquera-Açu;Estrada Municipal Treze de Maio n47;SN;Treze de Maio
AVANZI QUIMICA LTDA;;;13816737000129;;;;;;;;;
AVELINO BRAGAGNOLO S A INDUSTRIA E COMERCIO;AVELINO BRAGAGNOLO S A INDUSTRIA E COMERCIO;;84586833000257;250358522;bragagnolo@bragagnolo.com.br;4944173000;89694000;SC;Faxinal dos Guedes;ROD FAG-050 KM 13;;BARRA GRANDE
AVELINO BRAGAGNOLO S A INDUSTRIA E COMERCIO;AVELINO BRAGAGNOLO S A INDUSTRIA E COMERCIO;;84586833000257;250358522;bragagnolo@bragagnolo.com.br;4944173000;89694000;SC;Faxinal dos Guedes;ROD FAG-050 KM 13;S/N;BARRA GRANDE
Azul Companhia de Seguros Gerais;;;33448150000111;;;;;;;;;
B7 VALVULAS E CONEXOES LTDA;;;56972635000105;;;;;;;;;
BAIA CABRALIA HOTEL;;;;;;;;;;;;
BAÍA CABRÁLIA HOTEL-SQL COSTA CABRAIA HOTEL;;;;;;;;;;;;
BALANÇAS NET COM. DE BALANÇAS LTDA;;;34023396000104;;;;;;;;;
BARAO COMERCIO DE FERRO E ACO;;;00840894000128;;;;;;;;;
BASE27;;;;;;;;;;;;
BAUDUCO;;;;;;;;;;;;
BAUMINAS QUIMICA N/NE LTDA.;BAUMINAS QUIMICA N/NE LTDA.;;23647365000108;672000768117;;1147465200;08655000;SP;Suzano;RODOVIA INDIO TIBIRICA;4033;VILA SOL NASCENTE
BAZAR CHIC MANIA LTDA;;;11616579000138;;;;;;;;;
BEATRIZ CORREA EVANGELISTA;;;24874283000169;;;;;;;;;
BELA TINTAS LTDA;BELA TINTAS LTDA;;01154956000534;442132567114;;1124128844;09361340;SP;Mauá;RUA JOSE RICARDO NALLE;918;JD SAO JORGE DO GUAPITUBA
Benício - Frete Bignardi;;;;;;;;;;;;
BET-MAR INDUSTRIAL E COMERCIAL LTDA;;;59335653000174;;;;;;;;;
B FEU MECANICA DISEL LTDA;;;32022763000120;;;;;;;;;
BHE-BOMBAS E ACESSORIOS LTDA.;BHE-BOMBAS E ACESSORIOS LTDA.;;33016495000104;260029483;;4732325292;89035070;SC;Blumenau;Rua Tobias Barreto;52;Vila Nova
BIG BAG BRASIL EMBALAGENS EIRELI;BIG BAG BRASIL EMBALAGENS EIRELI;;06063219000116;;guilherme@centralbags.com.br;99616060;78745700;MT;Rondonópolis;AVENIDA MARIO ACUNHA ARISTIDE;1760;DISTRITO INDUSTRIAL
BIGNARDI IND E COM PAP ARTEF LTDA;BIGNARDI IND E COM PAP ARTEF LTDA;;61192522000127;407020330114;;1131244208;13211771;SP;Jundiaí;AV ANTONIO PINCINATO;7600;ERMIDA
BIODIGITAL TECHNOLOGY LTD;;;07620429000120;;;;;;;;;
Biofloc;;;;;;;;;;;;
Biogreen;;;;;;;;;;;;
Biosementes do Brasil Ltda;Biosementes do Brasil Ltda;;16084741000138;025705614;;7330413553;45662200;BA;Banco da Vitória;RODOVIA ILHEUS-ITABUNA, KM 24, S/N;01;ZONA RURAL
BIOSSEN - DISTRIBUIDORA DE PRODUTOS DE LIMPEZA LTD;BIOSSEN - DISTRIBUIDORA DE PRODUTOS DE LIMPEZA LTD;;24839220000171;672328781110;;;08674010;SP;Suzano;RUA BENJAMIN CONSTANT;1740;CENTRO
BMB MATERIAL DE CONSTRUCAO S.A.;BMB MATERIAL DE CONSTRUCAO S.A.;;23476033001260;672632453111;;;08610005;SP;Suzano;RUA DR PRUDENTE DE MORAES;SN;Vila Amorim
BOBIG CONTATTO - EQUIPAMENTOS LTDA - ME;BOBIG CONTATTO - EQUIPAMENTOS LTDA - ME;;05143214000130;9041338765;;4232737300;84268310;PR;Telêmaco Borba;ROD PR-160;600;AREA 02
BOMAX NO BRASIL EQUIPAMENTOS INDUSTRIAIS LTDA;;;52559499000175;;;;;;;;;
Bomba;;;;;;;;;;;;
Bomserv Bombas Industriais - Valinhos/SP;;;;;;;;;;;;
Bonificação;;;;;;;;;;;;
Bora química;;;;;;;;;;;;
BORRACHARIA VIADUTO;;;;;;;;;;;;
BORTOTO SISTEMAS DE PESAGEM E COM DE BALANÇAS LTDA ME;;;10309081000160;;;;;;;;;
Brasileiro - Rodoviária Veracel;;;13406285000107;;;;;;;;;
BRASILQUIMICA INDUSTRIA;;;;;;;;;;;;
BRASILQUIMICA INDUSTRIA E COMERCIO LTDA;BRASILQUIMICA INDUSTRIA E COMERCIO LTDA;;00408307000207;208115449113;;1636606722;14300326;SP;Batatais;RUA DUQUE DE CAXIAS;2030;ALTO DA BELA VISTA
BRASQUIM BRASIL IMPORTACAO, EXPORTACAO, INDUSTRIALIZACAO DIS;BRASQUIM BRASIL IMPORTACAO, EXPORTACAO, INDUSTRIALIZACAO DIS;;27547941000104;239150176111;;1148994204;07743130;SP;Caieiras;AV PAULICEIA;1.650;LARANJEIRAS
Brindes;;;;;;;;;;;;
Brindes Suzano;;;29135150000194;;;;;;;;;
BRINDES SUZANO PERSONALIZADO LTDA;BRINDES SUZANO PERSONALIZADO LTDA;;32259211000130;672409230117;;1147519885;08616200;SP;Suzano;Rua Cacique;591;Jardim Cacique
BRITO PARAFUSOS;;;37999451000194;;;;;;;;;
BR MIX SERVIÇOS DE CONCRETAGEM LTDA ME;;;12807775000152;;;;;;;;;
Bruno Toledo Lima Vaz;;41645865835;;;;;;;;;;
BUEU VALVULAS E ACESSORIOS INDUSTRIAIS LTDA;;;10808373000147;;;;;;;;;
BUSCARIOLI COMERCIO DE EQUIPAMENTOS INDUSTRIAIS LT;BUSCARIOLI COMERCIO DE EQUIPAMENTOS INDUSTRIAIS LT;;47120714000105;136448698113;;1126183611;03045002;SP;São Paulo;RUA VISC DE PARNAIBA;3025;BRAS
BUSCARIOLI INDUSTRIA E COMERCIO DE MOTORES ELETRIC;BUSCARIOLI INDUSTRIA E COMERCIO DE MOTORES ELETRIC;;17186232000189;616032515112;;1126183611;75000000;SP;Santa Isabel;PRACA MAJOR ANGELO SANCHES VERA;14;LANIFICIO
CACAU SHOW;;;;;;;;;;;;
CAJAES COMERCIO DE GAS LTDA;;;;;;;;;;;;
CALHAS KENNEDY IND E COM LTDA;CALHAS KENNEDY IND E COM LTDA;;64651979000140;112912622110;;1121263333;04762030;SP;São Paulo;R.ANDRE DE LEAO;210;VILA SOCORRO
Câmbio;;;;;;;;;;;;
CAMPOS SOLUCOES & COMERCIO DE INOX LTDA;;;30712569000140;;;;;;;;;
Cantinho da Maria;;;;;;;;;;;;
CAPCOM CERTIFICADO DIGITAL;;;31625760000118;;;;;;;;;
Carbinox Industria e Comercio Ltda;Carbinox Industria e Comercio Ltda;;53261533000193;188174854110;;1147959000;07413000;SP;Arujá;Estrada Adilia Barbosa Neves;3450;Portao
CARBON & CHEMICALS COM. PROD. QUIMICOS LTDA;CARBON & CHEMICALS COM. PROD. QUIMICOS LTDA;;17872170000169;278376047113;;1137226767;06705435;SP;Cotia;R SAO VICENTE;1246;PARQUE RINCAO
CARBOTEX QUIMICA IND COM E PART LTDA;CARBOTEX QUIMICA IND COM E PART LTDA;;01751891000261;734056910114;;1123915600;18148040;SP;Araçariguama;ESTRADA GREGORIO SPINA;262;DISTRITO INDUSTRIAL
CARLOS EDUARDO BRESSIANI SILVA;;;24752702000190;;;;;;;;;
CARLOS EDUARDO MARIA;;;36158958000152;;;;;;;;;
CARMELITA BARBOSA SILVA;;;;;;;;;;;;
Carmo Delgado Buffet e Salgateria ltda;;;62944565000184;;;;;;;;;
CARREFOUR COMERCIO E INDUSTRIA LTDA;CARREFOUR COMERCIO E INDUSTRIA LTDA;;45543915084695;241120980115;;1137796000;07789100;SP;Cajamar;V AC NORTE KM 38 420;0;EMPRESARIAL GATO PRETO
Carro;;;;;;;;;;;;
Cartão de credito;;;;;;;;;;;;
Cartão de crédito;;;;;;;;;;;;
Cartório;;;;;;;;;;;;
CARVALHEIRA INDÚSTRIA DE PAPÉIS LTDA;CARVALHEIRA INDÚSTRIA DE PAPÉIS LTDA;;11405532000125;220070168117;CARVALHEIRA@CARVALHEIRARAPAPEIS.COM.BR;40124419;12955000;SP;Bom Jesus dos Perdões;ESTRADA MUNINCIPAL CORONEL NELSON BROTTO;220;GUAXINDUVA
CASA DAS PLACAS E PERSONALIZADOS;;;;;;;;;;;;
CASA DAS PLACAS E PERSONALIZADOS LTDA;CASA DAS PLACAS E PERSONALIZADOS LTDA;;38499238000186;9088022766;;4232728897;84261020;PR;Telêmaco Borba;Rua Vice Prefeito Reginaldo Nocera;619;CENTRO
Casa do computador;;;16824662000116;;;;;;;;;
CASA DO CONSTRUTOR;;;;;;;;;;;;
CASA EUNAP EQUIP DE SEGURANCA LTDA EPP;CASA EUNAP EQUIP DE SEGURANCA LTDA EPP;;09468815000174;076865552;;7332616694;45821470;BA;Eunápolis;AVENIDA GUANABARA;555;DOUTOR GUSMAO
CASA ROLLU;;;58336314000140;;;;;;;;;
CASCARDI SANEAMENTO BASICO LTD;;;66657891000161;;;;;;;;;
CB BONES ME;CB BONES ME;;44066708000110;261389017;;4988682864;89805540;SC;Chapecó;Rua Francisco Dias Velho - ate 689/690;690;Passo dos Fortes
Cemil;;;;;;;;;;;;
Centercar;;;;;;;;;;;;
CERTISIGN CERT DIGITAL S;;;;;;;;;;;;
CETEA;;;;;;;;;;;;
CETESB;;;;;;;;;;;;
CETESB COMPANHIA AMBIENTAL DO ESTADO DE SÃO PAULO;;;43776491000170;;;;;;;;;
CIA NITRO QUIMICA BRASILEIRA;CIA NITRO QUIMICA BRASILEIRA;;61150348000150;100074176113;;22463999;08090000;SP;São Paulo;AV. DR. JOSE ARTHUR NOVA;951;SAO MIGUEL PTA.
CIA Suzano;;;;;;;;;;;;
CIA SUZANO PAPEL E CELULOSE UNIDADE SUZANO;SUZANO S.A.;;16404287004738;672002291110;REGULARIDADES@SUZANO.COM.BR;1136365186;08613900;SP;Suzano;RUA PRUDENTE DE MORAES, 4006;4006;VILA SANTANA
CIBRAPEL S/A INDUSTRIA DE PAPEL E EMBALAGENS;CIBRAPEL S/A INDUSTRIA DE PAPEL E EMBALAGENS;;33352881000320;80243871;;26322313;25946151;RJ;Guapimirim;RUA COMANDANTE BARCELAR;731;CENTRO
CLADDAGH EMPREENDIMENTOS LTDA;;;66730317000191;;;;;;;;;
CLARICE FATIMA WELTER FREIBERGER;CLARICE FATIMA WELTER FREIBERGER;;03899243000100;9026306601;;4635325037;85460000;PR;Quedas do Iguaçu;acaranda;588;centro
Claro;;;;;;;;;;;;
CLEAN GAC REFERÊNCIA EM LIMPEZA E SERVIÇOS;;;31059241000130;;;;;;;;;
CLEIDE FERREIRA MOREIRA;;;33050930000109;;;;;;;;;
CLEITON CORREIA CORTEZ SERVICOS E COMERCIO ELETRICOS LTDA;CLEITON CORREIA CORTEZ SERVICOS E COMERCIO ELETRICOS LTDA;;28058858000126;672409452114;;12991049715;08680175;SP;Suzano;Rua Jossei Toda;48;Vila Maria de Maggi
CLIENTES DIVERSOS;CLIENTES DIVERSOS;;;;;;;SP;Itaquaquecetuba;;;
Clinica Opusnet Bahia;;;;;;;;;;;;
Clinica Pro Saúde;;;;;;;;;;;;
CLORUM - CAPE AGUAS SUDESTE INDUSTRIA E COMERCIO LTDA;CAPE AGUAS SUDESTE INDUSTRIA E COMERCIO LTDA;;03138288000404;672670319116;;1146731219;08685010;SP;Suzano;Rua  CORONEL SOUZA FRANCO;64;VILA MALUF
CMK;;;;;;;;;;;;
CM SOLUTIONS TECHNOLOGY;;;56045786000118;;;;;;;;;
Coelba;;;;;;;;;;;;
COGU DISTRIBUIDORA DE COGUMELOS SUZANO LTDA;;;;;;;;;;;;
Combustivel;;;;;;;;;;;;
COM DE GAS OKABE LT;COM DE GAS OKABE LT;;00020528000122;672074317115;;;08615110;SP;Suzano;RUA GUILHERME;72;V URUPES
COMERCIO DE GAS OKABE LTDA;;;;;;;;;;;;
Comissão;;;;;;;;;;;;
COMPANHIA BIOCHEMICALS BRASIL;;;;;;;;;;;;
Compass Minerals America do Sul Industria;;;;;;;;;;;;
COMPASS MINERALS AMERICA DO SUL INDUSTRIA E COMERCIO S/A;COMPASS MINERALS AMERICA DO SUL INDUSTRIA E COMERCIO S/A;;60398138000384;672062601115;;1147453000;08686000;SP;Suzano;AV. JORGE BEY MALUF,;2985;VILA THEODORO
COMPASS MINERALS SUDESTE INDUSTRIA E COMERCIO LTDA;COMPASS MINERALS SUDESTE INDUSTRIA E COMERCIO LTDA;;03138288000153;672158130117;;47453000;08686000;SP;Suzano;AV. JORGE BEY MALUF, PREDIO G,;2985;VILA THEODORO
CONCRETO BRITAKI LTDA;;;34772245000159;;;;;;;;;
CONDUSCAMP CONDUTORES CAMPINAS LTDA;;;02080427000172;;;;;;;;;
Conecfit Importação Exportação LTDA – EPP;;;07576749000120;;;;;;;;;
CONEXAO WEB TELECOM LTDA;;;17225163000175;;;;;;;;;
Consigaz Cilindros LTDA;Consigaz Cilindros LTDA;;29035398000183;206480256111;;1141979300;06460060;SP;Barueri;Rua Joao Ferreira de Camargo;939;Tambore
CONSIGAZ DISTRIBUIDORA DE GAS LTDA.;CONSIGAZ DISTRIBUIDORA DE GAS LTDA.;;01597589000462;645482686119;;1239011000;12226551;SP;São José dos Campos;EST. DOM JOSE ANTONIO DO COUTO;200;DO CAJURU
Consigaz Distribuidora de Gas Ltda.;;;01597589000896;;;;;;;;;
CONSTANTINI MATERIAIS CONSTRUCAO LTDA;CONSTANTINI MATERIAIS CONSTRUCAO LTDA;;75591172000186;4250012484;;4635321441;85460000;PR;Quedas do Iguaçu;RUA CARVALHO;002677;CENTRO
CONSTRUDECOR S.A - CUMBICA CD;CONSTRUDECOR S.A - CUMBICA CD;;03439316003350;336828084115;;1120854550;07230640;SP;Guarulhos;Rua Maria Garcia Utrilla;453;Forno Velho
CONSTRUDECOR S.A - MOGI;CONSTRUDECOR S.A - MOGI;;03439316002469;454325170110;;1147917300;08773550;SP;Mogi das Cruzes;PROF. ISMAEL ALVES DOS SANTOS;455;VL MOGILAR
Contabilidade;;;;;;;;;;;;
CONTROLID IND COM DE HARD E SERV DE TEC LTDA;;;08238299000129;;;;;;;;;
CORINO ARAUJO PEREIRA;;;34699174000106;;;;;;;;;
Correios;;;;;;;;;;;;
Cotação campinas;;;17354911000110;;;;;;;;;
CR3 ILUMINACAO LTDA;CR3 ILUMINACAO LTDA;;15367315000149;672137745111;;11978078787;08675150;SP;Suzano;Rua Pedro Talarico;50;Vila Sao Jorge
C R F INFORMATICA LTDA;;;;;;;;;;;;
Cristiana Domiciano Pastor;;;;;;;;;;;;
CS ORTIZ LOCACAO E TRANSPORTES LTDA;;;;;;;;;;;;
CVOVIDROS E PECAS PARA ONIBUS LTDA;CVOVIDROS E PECAS PARA ONIBUS LTDA;;07589702000100;117133250116;;1122078800;02180090;SP;São Paulo;AL.2  SGTO.NEVIO BARACHO DOS SANTOS;480;PQ N MUNDO
CVS COM. ALIMENTOS E SERV. DE CARTOES LTDA.;;;04728183000117;;;;;;;;;
Dakol;;;;;;;;;;;;
DAKOL INSTRUMENTOS E SISTEMAS LTDA;DAKOL INSTRUMENTOS E SISTEMAS LTDA;;59810838000193;112276771117;;1138550060;02510040;SP;São Paulo;R DOUTOR MELLO NOGUEIRA;105;VL BARUEL
DANIELA PEREIRA LEARDINE ME;;;19204323000125;;;;;;;;;
DANIEL JUNIOR DE ARAUJO BLOCOS ME;DANIEL JUNIOR DE ARAUJO BLOCOS ME;;03825062000120;115890657117;;1127362285;08371435;SP;São Paulo;AV RAGUEB CHOHFI;5940;JD MARILU
DARF IRRF ALUGUEL;;;;;;;;;;;;
Decolar;;;;;;;;;;;;
Defal Comércio Atacadista de Bebidas e Alimentos L;;;;;;;;;;;;
DEFAL COMERCIO ATACADISTA DE BEBIDAS E ALIMENTOS LTDA;DEFAL COMERCIO ATACADISTA DE BEBIDAS E ALIMENTOS LTDA;;07777502000172;635524819114;;1143948974;09895003;SP;São Bernardo do Campo;Av. Robert Kennedy;285;Vila Planalto
DEGANI-VADUZ INDUSTRIA QUIMICA EIRELI;DEGANI-VADUZ INDUSTRIA QUIMICA EIRELI;;54947908000136;336191963110;;1120857777;07221070;SP;Guarulhos;AVENIDA GUINLE;818;CIS DE SAO PAULO
DELCAFLEX INDUSTRIA;;;05752518000103;;;;;;;;;
DELL COMPUTADORES DO BRASIL LTDA;DELL COMPUTADORES DO BRASIL LTDA;;72381189001001;748241245113;;;13184654;SP;Hortolândia;AV DA EMANCIPACAO;5000;PARQUE DOS PINHEIROS
DELL COMPUTADORES DO BRASIL LTDA;;;;;;;;;;;;
DEL RICO TRANSPORTADORA DE CARGAS LTDA - EPP;;;;;;;;;;;;
DELTA FARMA;;;;;;;;;;;;
DE PAULA TRANSPORTES E COMERCI;;;;;;;;;;;;
Deposito;;;;;;;;;;;;
D F TOFFOLI MATERIAL ELETRICO;;;28164842000106;;;;;;;;;
DHL EXPRESS BRAZIL LTDA;;;58890252000113;;;;;;;;;
Diarista;;;;;;;;;;;;
DIGIMIX INFORMATICA;;;11069600000122;;;;;;;;;
DIMENSIONAL BRASIL SOLUCOES LTDA;;;06913480002373;;;;;;;;;
DIMENSIONAL BRASIL SOLUCOES LTDA;DIMENSIONAL BRASIL SOLUCOES LTDA;;06913480002616;260765929;;;89248000;SC;Garuva;ESTR. MUNICIPAL VEREADOR KLAUS LENNERTZ;3300;PALMITAL
DISMAN;;;02361304000100;;;;;;;;;
DISMOTOR COM DE MOTORES ELETRICOS LTDA;DISMOTOR COM DE MOTORES ELETRICOS LTDA;;69252872000143;244472790110;;1937859000;13065531;SP;Campinas;RUA DR ALBERTO FRANCO LAMUNIER;1424;PQ VIA NORTE
Distribui;;;;;;;;;;;;
DIXI VEXT COMÉRCIO DE EQUIPAMENTOS ELETRÔNICOS E SISTEMAS LTDA;;;15077663000181;;;;;;;;;
DMV ADM E TRANSPORTES EIRELI;DMV ADM E TRANSPORTES EIRELI;;07100254000120;582839741116;comercial@optatransportes.com.br;362611563;14075530;SP;Ribeirão Preto;RUA PETRÓPOLIS;172;VILA BRASIL
DOUGLAS DA SILVA PIRES;;;53392481000194;;;;;;;;;
Douglas da Silva Pires;;31949161811;;;;;;;;;;
DOUGLAS FERREIRA ALVES;;10696984741;;;;;;;;;;
Douglas IP;;;;;;;;;;;;
Douro Comercio de Piscina Ltda;;;23156569000146;;;;;;;;;
DOW BRASIL SUDESTE INDUSTRIAL LTDA;DOW BRASIL SUDESTE INDUSTRIAL LTDA;;53877627000949;335212266110;tmsilva@dow.com;51884089;11460003;SP;Guarujá;AVENIDA SANTOS DUMONT;4444;SÍTIO PAECARA (VICENTE DE CARVALHO)
DSM SERVIÇOS EMPRESARIAIS LTDA;;;26619309000158;;;;;;;;;
DS TRANSPORTES LTDA ME;;;14906870000139;;;;;;;;;
DUTRA MAQUINAS COMERCIAL E TEC;;;;;;;;;;;;
DUTRA MAQUINAS COMERCIAL E TECNICA LTDA;DUTRA MAQUINAS COMERCIAL E TECNICA LTDA;;50970342000889;136772078110;;1127958800;02145900;SP;São Paulo;AVENIDA MARIO HABERFELD;555;PQ NOVO MUNDO
DUTRAPISO TECNOLOGIA EM PISO INDUSTRIAL LTDA;;;39151776000148;;;;;;;;;
Ecobio;;;;;;;;;;;;
EDP Luz;;;;;;;;;;;;
Edson Aparecido Cerino Gomes 13926992824;;;35416389000135;;;;;;;;;
ELETRICA BOBBIO;;;10326615000166;;;;;;;;;
ELETRICA DANUBIO INDUSTRIA E COM DE MAT ELETRICOS LTDA;ELETRICA DANUBIO INDUSTRIA E COM DE MAT ELETRICOS LTDA;;61310256000190;336660095115;;1133773333;07222015;SP;Guarulhos;RUA BARAO DE PENEDO;319;CUMBICA
ELETRICA MAV LTDA;ELETRICA MAV LTDA;;28516107000106;128337214115;;1149965700;02112000;SP;São Paulo;RUA GUARANESIA;207;VILA MARIA BAIXA
ELETRICA SAO PAULO;;;39050919000125;;;;;;;;;
ELETRO BUSCARIOLI LTDA;ELETRO BUSCARIOLI LTDA;;51687713000106;105551256112;;1126183611;03055000;SP;São Paulo;RUA S O LEOPOLDO;259;BELENZINHO
ELETROMECANICA MOTTA LTDA;;;;;;;;;;;;
ELETRO MECANICA SUZANO - LTDA;;;08746226000148;;;;;;;;;
ELETROSUL DISTRIBUIDORA LTDA;;;02554116000289;;;;;;;;;
ELIEL FRANCISCO MALAQUIAS;;;07885340000196;;;;;;;;;
ELIGEMAR IND.DE CONF.LTDA;;;82869298000135;;;;;;;;;
ELLEKTRA ENGENHARIA E SOLUÇÕES LTDA;;;44962708000107;;;;;;;;;
ELO SCIENTIFIC INDUSTRIA E COMERCIO LTDA;;;44841520000100;;;;;;;;;
ELYON ELETRONIC PARTS;;;44461902000109;;;;;;;;;
EMBASA - Baiana de Águas e Saneamento S/A;;;13504675000110;;;;;;;;;
EMPILHADEIRAS NOBRE COMERCIO;;;;;;;;;;;;
EMPÓRIO ANDALUZIA LTDA;;;05649289000279;;;;;;;;;
Engenharia e Inspeções Ltda;;;14303253000149;;;;;;;;;
ENGENIVEL MATERIAIS PARA CONSTRUÇÃO LTDA;;;44187875000110;;;;;;;;;
ENGENTEC ELETRICA E TECNOLOGIA LTDA;;;67914874000125;;;;;;;;;
ENGETEC MANUTENÇÃO INDUSTRIAL LTDA;;;45432759000181;;;;;;;;;
ENGINSTREL ENGEMATIC INSTRUMENTAÇÃO LTDA;;;59123257000183;;;;;;;;;
EPIS E EPCS SEGURANCA TOTAL LTDA;EPIS E EPCS SEGURANCA TOTAL LTDA;;40997742000158;455296020110;;1938182122;13843006;SP;Mogi Guaçu;RUA        TOME DE SOUZA;24;VILA PARAISO
EPIS ONLINE COMERCIO LTDA - EPP;EPIS ONLINE COMERCIO LTDA - EPP;;22712006000124;209588740119;;1430108173;17030520;SP;Bauru;AVENIDA DUQUE DE CAXIAS;2948;PARQUE PAULISTANO
EQSAN INDUSTRIA E COMERCIO LTDA;;;14606840000107;;;;;;;;;
E-SAUDE SEGURANCA OCUPACIONAL LTDA;;;;;;;;;;;;
ESKELSEN SUPER RECAP.PNEUS COMERCIO E SERVICOS EIRELI;ESKELSEN SUPER RECAP.PNEUS COMERCIO E SERVICOS EIRELI;;48551626000112;420021080117;;1221242000;12600970;SP;Lorena;ROD.PRESIDENTE DUTRA KM;56;ATERRADO
E S LEANDRO EXTINTORES;;;12462234000130;;;;;;;;;
ESTÚDIO PEDRA;;;14573776000105;;;;;;;;;
Exames Médicos;;;;;;;;;;;;
EXPRESS GRAFICA E EDITORA EIRE;;;;;;;;;;;;
Expresso Elimar;;;;;;;;;;;;
EXPRESSO GUAPORE;;;16586629000103;;;;;;;;;
EXPRESSO PRINCESA DOS CAMPOS S;;;;;;;;;;;;
FABIANO FERNANDES DE SOUZA;;;55352497000107;;;;;;;;;
FABIO BEJR TRANSPORTES LTDA;;;34972698000129;;;;;;;;;
FABIO SANTUCCI BEJR TRANSPORTE;;;;;;;;;;;;
Fabricio IP;;;;;;;;;;;;
FAE COMERCIAL DE FERREGENS;;;;;;;;;;;;
FAMOSO MOVEIS;;;04046239000153;;;;;;;;;
FARDAS EXPRESS;;;39725883000132;;;;;;;;;
FAST SOLUÇÕES EM TRANSPORTES E LOGISTICA LTDA;;;52854021000178;;;;;;;;;
Favaretto PORTAS AUTOMÁTICAS;;;14074576000108;;;;;;;;;
FAXON QUIMICA LTDA;FAXON QUIMICA LTDA;;94837598000383;165201508113;dieison@faxon.com.br;30364030;13478723;SP;Americana;RUA DO SOLDADOR;210;JARDIM WERNER PLAAS
Fedex;;;;;;;;;;;;
Felipe acido;;;;;;;;;;;;
FENIX EQUIPAMENTOS DE SEGURANCA CONTRA INCENDIO LTDA;FENIX EQUIPAMENTOS DE SEGURANCA CONTRA INCENDIO LTDA;;59435450000150;672739105112;;11961787308;08610101;SP;Suzano;Avenida Brasilia;1361;Vila Urupes
Fenix Extintores Ltda;Fenix Extintores Ltda;;09293381000119;672195986115;;11996178730;08610101;SP;Suzano;R Brasilia;1398;VL. Urupes
Férias;;;;;;;;;;;;
FERIMPORT COMERCIO REP E IMPORTACAO LTDA;;;;;;;;;;;;
FERIMPORT COMERCIO REP.E IMPORTACAO LTDA;FERIMPORT COMERCIO REP.E IMPORTACAO LTDA;;01791324000581;69162208;;7331668351;45820970;BA;Eunápolis;FAZENDA BRASILANDIA BA 275 KM 24;0;BA 275 KM 24
FERIMPORT COMERCIO REPRESENTAC;;;01791324000158;;;;;;;;;
FERNANDA PANSINI SOCIEDADE INDIVIDUAL DE ADVOCACIA;;;40350454000107;;;;;;;;;
FERROS E AÇOS JB LTDA;;;;;;;;;;;;
FGTS;;;;;;;;;;;;
Firje Service Com. Compressores e Bombas Ltda;;;;;;;;;;;;
FLAT PISOS ENGENHARIA;;;;;;;;;;;;
FLEX BOMBAS LTDA;FLEX BOMBAS LTDA;;56968931000132;555158310110;;19993636331;13660492;SP;Porto Ferreira;R BEATRIZ BORELLI ZUZI;75;POLO COMERCIAL SALOME
FLEXQUIM IMPORTADORA E DISTRIBUIDORA;FLEXQUIM IMPORTADORA E DISTRIBUIDORA;;32953445000182;623183542110;;1141547069;06504150;SP;Santana de Parnaíba;AV. JOSE ROBERTO DE CAMARGO TOLEDO;563;CHACARA SAO LUIS
forlabexpress;;;;;;;;;;;;
FORT LOG TRANSPORTES LTDA;;;11027811000100;;;;;;;;;
FORTNITRO IND C P QUIM LTDA ME;;;;;;;;;;;;
FORTNITRO INDUSTRIA E COMERCIO DE PRODUTOS QUIMICOS LTDA;FORTNITRO INDUSTRIA E COMERCIO DE PRODUTOS QUIMICOS LTDA;;02668664000159;379066761119;;;08586170;SP;Itaquaquecetuba;RUA DO COBRE;400;PARQUE SAO PEDRO
FORTPLAST BRASIL INDUSTRIA E COMERCIO LTDA;FORTPLAST BRASIL INDUSTRIA E COMERCIO LTDA;;51258698000180;135595999110;;1149753226;09290520;SP;Santo André;AV DOS ESTADOS;6019;JARDIM MONTE LIBANO
Francine Placido;;;;;;;;;;;;
Francisco Carlos dos Santos;;00412464896;;;;;;;;;;
Frete;;;;;;;;;;;;
Frete - Paulo;;;;;;;;;;;;
Fundação de Apoio à Universidade de São Paulo;;;68314830000127;;;;;;;;;
Fundação de Desenvolvimento da Unicamp;;;;;;;;;;;;
Fundo Municipal dos Direitos da Criança e do Adolescente;;;22399551000102;;;;;;;;;
G A BARBOSA PEREIRA SERVICOS DE MOLAS;G A BARBOSA PEREIRA SERVICOS DE MOLAS;;23522142000114;672456308115;;1147477436;08613530;SP;Suzano;RUA BENEDITO LEITE DE SIQUEIRA;23;VILA SANTANA
GARAGEM D-AUTOPEÇAS E SERVIÇOS LTDA;;;53504389000179;;;;;;;;;
GB Company;;;68964026000193;;;;;;;;;
GCG Irrigações LTDA;;;03502042000208;;;;;;;;;
GCG IRRIGAÇOES LTDA EPP;;;;;;;;;;;;
GDA CONSULTORIA LTDA;;;28307710000188;;;;;;;;;
GENERAL INSTRUMENTS ENG. DANFE REPRES. COM. LTDA;;;60367182000165;;;;;;;;;
GENS EXPRESS;;;;;;;;;;;;
Gens Válvulas de Controle e Acessórios;;;09430074000132;;;;;;;;;
GERMANO APARECIDO DINIZ 29446654807;;29446654807;;;;;;;;;;
GESSO E DRYWALL ANDRADE ITAIM LTDA;GESSO E DRYWALL ANDRADE ITAIM LTDA;;47791946000187;136776988119;;1132975232;08151000;SP;São Paulo;Est DOM JOAO NERY;3040;JARDIM BARTIRA
GESSO IDEAL;;;12774317000164;;;;;;;;;
GICELIA CARDOSO SAO FELIZ;;;;;;;;;;;;
GILBERTO FORTE AUTOMAÇÃO INDUSTRIAL;;;27376677000185;;;;;;;;;
GIMBA SUPRICORP SUPRIMENTOS LTDA;SUPRICORP SUPRIMENTOS LTDA;;54651716001150;206192669114;;1127635000;06422122;SP;Barueri;AVENIDA PREFEITO JOAO VILALLOBO QUERO, 1;1160;JARDIM BELVAL
GLOBALFIBRA;;;;;;;;;;;;
GLOBALTEK COMERCIO E REPRESENTACOES LTDA.;;;03905063000428;;;;;;;;;
GMC COMPONENTES ELETRICOS E AUTOMACAO LTDA;GMC COMPONENTES ELETRICOS E AUTOMACAO LTDA;;19594385000190;635735011111;;1123566802;09661040;SP;São Bernardo do Campo;RUA JOAO BATISTA DE ALMEIDA;118;TABOAO
GODI TRANSPORTES LTDA;;;47227873000103;;;;;;;;;
Goema Cons. Ind. e Com. Ltda.;;;;;;;;;;;;
GOL LINHAS AEREAS;;;;;;;;;;;;
GOMES E CAMARGO – SOCIEDADE DE ADVOGADOS;;;26545100000197;;;;;;;;;
GOTAQUIMICA PRODUTOS QUIMICOS;;;45006780000115;;;;;;;;;
Gox Fibra;;;;;;;;;;;;
GRAFSIGN COMERCIO DE PRODUTOS GRAFICOS LTDA.;GRAFSIGN COMERCIO DE PRODUTOS GRAFICOS LTDA.;;21997212000165;144345820110;;1132177070;04343900;SP;São Paulo;Carnaubeiras;168;Jabaquara
GREENPACK COM. DE TAMBORES E;;;36346796000186;;;;;;;;;
GR INDUSTRIA E COMERCIO DE PRODUTOS QUIMICOS S.A;GR INDUSTRIA E COMERCIO DE PRODUTOS QUIMICOS S.A;;03157268000120;282057030118;;551231412144;12704420;SP;Cruzeiro;RUA JOSE ROSSETTI;136;DISTRITO INDUSTRIAL II
GR INDUSTRIA E COMERCIO DE PRODUTOS QUIMICOS S.A;GR INDUSTRIA E COMERCIO DE PRODUTOS QUIMICOS S.A;;03157268000200;513464194110;;551938444017;13148153;SP;Paulínia;RUA JOAQUIM ARICO, N. 468;SN;BETEL
GRSA;;;;;;;;;;;;
GR SERVICOS E ALIMENTACAO LTDA;GR SERVICOS E ALIMENTACAO LTDA;;02905110000470;007616262;;551121353000;41820021;BA;Salvador;AV TANCREDO NEVES;2227;CAMINHO DAS ARVORES
GR SERVICOS E ALIMENTACAO LTDA;;;;;;;;;;;;
GRUPO CASAS BAHIA SA;GRUPO CASAS BAHIA SA;;33041260141493;106513734;;;42800331;BA;Camaçari;V PARAFUSO;0;PETROQUIMICO
GRUPO CRAFT ADESIVOS E SERVICOS LTDA;;;43983669000153;;;;;;;;;
GUARA QUIMICA INDUSTRIA E COMERCIO;;;39342950000130;;;;;;;;;
GUARDA MIRIM DE SUZANO;;;49908650000129;;;;;;;;;
Guia de INSS;;;;;;;;;;;;
Guia de IRRF;;;;;;;;;;;;
Guia de Sindicato;;;;;;;;;;;;
GUILHERME PRADO MARQUES;;;;;;;;;;;;
Guincho 2 irmãos;;;36130860000197;;;;;;;;;
: HAJERMAQ-YOSHITA COMERCIO E MA;;;65876468000190;;;;;;;;;
HAMBURG SUD IMPORTAÇÃO;;;;;;;;;;;;
Hapag Lloyd - demurrage;;;;;;;;;;;;
HELDER BLOCOS ARTEFATOS DE CIM;;;;;;;;;;;;
HENRIQUE QUEIROZ TOUCINI;;41727653866;;;;;;;;;;
H Flex;;;;;;;;;;;;
H FLEX COMERCIAL LTDA;;;;;;;;;;;;
H. FLEX COMERCIAL LTDA;;;65533606000138;;;;;;;;;
HGS Máquinas e Equipamentos Industriais Ltda.;;;09117668000198;;;;;;;;;
HIDRO FERT COMERCIO DE IRRIGACAO E PRODU;HIDRO FERT COMERCIO DE IRRIGACAO E PRODU;;12014533000454;219986960;;553532141399;45990090;BA;Teixeira de Freitas;Avenida DAS NACOES;288 A;MONTE CASTELO
HIGASHI & CIA LTDA;HIGASHI & CIA LTDA;;71900674000190;672004150116;;1147474722;08675000;SP;Suzano;Rua Baruel;958;Vila Costa
HIPER FIRE PREVENCAO E COMBATE AO INCENDIO LTDA;;;14737655000151;;;;;;;;;
HOTEL 3 FRONTEIRAS;;;43194294000142;;;;;;;;;
Hotelaria accor Brasil;;;;;;;;;;;;
HOTEL BINDER - LKJC GESTÃO DE NEGÓCIOS EMPRESARIAIS;;;35000001000110;;;;;;;;;
Hotel Cataguases;;;19525773000110;;;;;;;;;
Hotel Eunápolis - Porto Nápolis Hotel LTDA;;;;;;;;;;;;
Hotel Ibis Suzano;;;;;;;;;;;;
Hotel JGF EMPREENDIMENTOS HOTELEIROS;;;;;;;;;;;;
HOTEL MILENIO LTDA;;;03722325000176;;;;;;;;;
Hotel Porto Bali;;;;;;;;;;;;
Hotel Solar do imperador;;;42300004000135;;;;;;;;;
IBERKRAFT INDUSTRIA DE PAPEL E CELULOSE LTDA;IBERKRAFT INDUSTRIA DE PAPEL E CELULOSE LTDA;;77124634000695;9109492768;;4635328500;85460000;PR;Quedas do Iguaçu;Rod PR 473 Km 2;6,;Rio das Cobras
IBERKRAFT INDUSTRIA DE PAPEL E CELULOSE LTDA / UNIDADE GUARAPUAVA;;;77124634000180;4010449141;ary@iberkraft.com.br;55423629800;85010290;PR;Guarapuava;Rua Saldanha Marinho;s/n;Centro
IBERSUL INDUSTRIA DE PAPEL CELULOSE LTDA.;IBERSUL INDUSTRIA DE PAPEL E CELULOSE LTDA. EM RECUPERACAO JUDICIAL;;08988218000108;9041247530;ONILIO@IBERKRAFT.COM.BR;4236298000;85460000;PR;Quedas do Iguaçu;PR 473, KM 2,6;S/N;FAZENDA RIO DAS COBRAS
ICL AMERICA DO SUL;ICL AMERICA DO SUL S.A.;;60398138000465;672212533110;FISCAL.SUZANO@ICL-GROUP.COM;1128080600;08655000;SP;Suzano;INDIO TIBIRICA;500;VILA SOL NASCENTE
ICMS;;;;;;;;;;;;
IDEAL RV;;;;;;;;;;;;
IDENTICAR VISTORIA VEICULAR;;;33385013000185;;;;;;;;;
IFM ELECTRONIC LTDA;IFM ELECTRONIC LTDA;;02263430000121;796290943115;;;07180000;SP;Guarulhos;Av Monteiro Lobato;4550;Cumbica
IFM ELECTRONIC LTDA;IFM ELECTRONIC LTDA;;02263430000393;256424691;;;89219600;SC;Joinville;RUA DONA FRANCISCA, 8300;8300;Distrito Industrial
Igles Comércio de Embalagens e Logística Ltda;;;;;;;;;;;;
IGNIS LTDA;;;44375383000158;;;;;;;;;
IMETAL COMERCIO;;;;;;;;;;;;
IMETAL COMERCIO E SERVICOS LTDA;IMETAL COMERCIO E SERVICOS LTDA;;27220361000108;454522719115;;1147355232;08750540;SP;Mogi das Cruzes;R GUILHERME GEORGE;1984;JUNDIAPEBA
IMPERIAL SUZANO APART HOTEL LT;;;04540457000140;;;;;;;;;
IMPERIO PERSIANAS IND;;;22478189000165;;;;;;;;;
IMPORTAÇÃO;;;;;;;;;;;;
IMPORTT Importacao, Distribuicao e Varejo Ltda;IMPORTT Importacao, Distribuicao e Varejo Ltda;;41358696000100;260989096;;48991423256;88870000;SC;Orleans;ROD SC 108 - KM 36;000;Corridas
impost;;;;;;;;;;;;
Impostos;;;;;;;;;;;;
Impostos em atraso;;;;;;;;;;;;
INACI0 LUIZ DE LIMA JAQUES - ME;INACI0 LUIZ DE LIMA JAQUES - ME;;72829575000122;672070784112;;1147481030;08665380;SP;Suzano;R.HORACIO NELSON RONDINELLI;641;CIDADE EDSON
Inácio Luiz de Lima Jaques - ME;;;;;;;;;;;;
INC TECNOLOGIA E MANUTENÇÃO EIRELI;;;22499228000100;;;;;;;;;
INDACRILICOS INDUSTRIA E COMERCIO LTDA - EPP;INDACRILICOS INDUSTRIA E COMERCIO LTDA - EPP;;10911308000142;148651527111;;1127291030;04675060;SP;São Paulo;R SARGENTO FRANCISCO BOEMING;209;JARDIM TAQUARAL
Indfiltros Filtros Industriais Eireli EPP;;;20665846000158;;;;;;;;;
INDFLOW EQUIPAMENTOINDUSTRIAIS;;;30388178000112;;;;;;;;;
INDUSTRIA DE PAPÉIS E EMBALAGENS PONTE NOVA LTDA.;INDUSTRIA DE PAPÉIS E EMBALAGENS PONTE NOVA LTDA.;;02625899000163;;nfe@pontenovapapeis.ind.br;3138198200;35430085;MG;Ponte Nova;RUA FELISBERTO LEOPOLDO;756;SANTA TERESA
INDUSTRIA DE PAPÉIS E EMBALAGENS PONTE NOVA LTDA.;INDUSTRIA DE PAPÉIS E EMBALAGENS PONTE NOVA LTDA.;;02625899000163;6907688790040;nfe@pontenovapapeis.ind.br;3138198200;35430085;MG;Ponte Nova;RUA FELISBERTO LEOPOLDO;756;SANTA TERESA
INFLUX IMPORTACAO E COMERCIO LTDA;;;;;;;;;;;;
INFO WORLD LTDA;;;74210584000166;;;;;;;;;
INGER DO BRASIL;;;;;;;;;;;;
INGER DO BRASIL COMERCIO DE PRODUTOS QUIMICOS LTDA.;INGER DO BRASIL COMERCIO DE PRODUTOS QUIMICOS LTDA.;;10328941000102;388114213118;;11957809135;13295414;SP;Itupeva;PAULO RODRIGUES;580;JARDIM SANTA BARBARA
INGLÊS BRUNA AQUILERA ANDRADE 4421997;;;28199247000106;;;;;;;;;
INOPLASTIC INDUSTRIA C LTDA ME;;;24544261000130;;;;;;;;;
INOXFLAN  IND. E COM. DE EQUIPS INDS LTDA;INOXFLAN  IND. E COM. DE EQUIPS INDS LTDA;;30023987000120;119215884111;;1127918365;03624010;SP;São Paulo;RUA LUIS ASSON;345;VILA BUENOS AIRES
INOXPLASMA COMÉRCIO DE METAIS LTDA;;;67423111000181;;;;;;;;;
INPA;INPA;;23524952000703;5110611700179;nfeentrada.inpa@smurfitkappa.com.br;34653000;38064750;MG;Uberaba;BR 050 KM 168;;DISTRITO INDUSTRIAL II
INPA INDUSTRIA DE EMBALAGENS SANTANA S/A;INPA INDUSTRIA DE EMBALAGENS SANTANA S/A;;23524952000100;5110611700098;nfeentrada.impa@smurfitkappa.com.br;34653000;36730000;MG;Pirapetinga;RUA INPA;186;CENTRO
INST BRAS DO MEIO AMB E DOS REC NAT;;;03659166000102;;;;;;;;;
INSTITUTO NACIONAL DA PROPRIED;;;42521088000137;;;;;;;;;
INTEGRAFLOW SOLUTIONS LTDA;;;46467971000147;;;;;;;;;
INTERCUF INDUSTRIA E COMERCIO LTDA;INTERCUF INDUSTRIA E COMERCIO LTDA;;43736099000288;244290070118;;19998383411;13012970;SP;Campinas;Rodovia Lix da Cunha;Km 08;Bairro dos Pedrosos
INTERLAB DISTR. PROD. CIENTIFICOS LTDA.;INTERLAB DISTR. PROD. CIENTIFICOS LTDA.;;46849303000184;109194165110;;1155649500;04330130;SP;São Paulo;PRACA ISAAC OLIVER, 342;342;VILA CAMPESTRE
Intermarítima;;;;;;;;;;;;
Intermedica;;;;;;;;;;;;
INTERNATIONAL PAPER DO BRASIL LTDA;INTERNATIONAL PAPER DO BRASIL LTDA;;52736949000158;455000274118;Ana.Caroline@ipaper.com;38618857;13845901;SP;Mogi Guaçu;RODOVIA SP-340 KM 171;;VILA CHAMPION
IPEL ITIBANYL PRODUTOS ESPECIAIS LTDA;;;59743773000100;;;;;;;;;
IPEL ITIBANYL PRODUTOS ESPECIAIS LTDA;;;;;;;;;;;;
ISOKHEM COMERCIAL;;;;;;;;;;;;
ISOKHEM COMERCIAL LTDA;ISOKHEM COMERCIAL LTDA;;30262389000104;623210043115;;1126806222;06529240;SP;Santana de Parnaíba;RUA FORTALEZA;116;JD REPRESA
ISOLAPLAST - ISOLANTES E PLAST;;;;;;;;;;;;
ISSOTELECOM LTDA;;;15712505000156;;;;;;;;;
ITAPETY MOVEIS E DECORACOES LT;;;00962765000102;;;;;;;;;
ITARARE HOTEL LIMITADA;;;;;;;;;;;;
Itau;;;;;;;;;;;;
IWAKI DO BRASIL COMERCIO DE BOMBAS HIDRAULICAS LTDA;IWAKI DO BRASIL COMERCIO DE BOMBAS HIDRAULICAS LTDA;;24746591000109;708120697119;;1932445900;13277650;SP;Valinhos;ROD. MUNICIPAL DOS ANDRADAS;1662;JARDIM LORENA
Iwaki do Brasil Ltda;;;;;;;;;;;;
J.A. ADELSON DA SILVA INSTALACAO EPP;J.A. ADELSON DA SILVA INSTALACAO EPP;;13740355000169;454201601110;;11996538597;08750540;SP;Mogi das Cruzes;RUA GUILHERME GEORGE;1984;JUNDIAPEBA
J A A M TEIXEIRA COMERCIO EIRELI;;;32798703000101;;;;;;;;;
J A A M TEIXEIRA COMERCIO LTDA;;;;;;;;;;;;
JADE MATERIAIS ELETRICOS E HIDRAULICOS LTDA;JADE MATERIAIS ELETRICOS E HIDRAULICOS LTDA;;07739490000191;454887266110;;1147216030;08760330;SP;Mogi das Cruzes;RUA JOSE ANTONIO DA COSTA;011;Jardim Layr
J A S COMERCIO DE ARTEFATOS DE BORRACHA EIRELI EPP;J A S COMERCIO DE ARTEFATOS DE BORRACHA EIRELI EPP;;85072098000145;4221017213;;4532261207;85805000;PR;Cascavel;AVENIDA TANCREDO NEVES;1489;CENTRO
JBG SERVIÇOS ADMINISTRATIVOS E LOGISTICA LTDA;;;;;;;;;;;;
J D VIZIMED SAUDE E SEGURANÇA;;;39500598000113;;;;;;;;;
JESFE SOLDAS E MONTAGENS INDUSTRIAIS LTDA;;;45446958000149;;;;;;;;;
J. L. DA SILVA HIDRAULICOS;J. L. DA SILVA HIDRAULICOS;;06262417000109;672169257110;;0;08693280;SP;Suzano;AVENIDA KATISUTOSHI NAITO;294;CIDADE BOA VISTA
J.L HIDRÁULICA;;;;;;;;;;;;
JOHN MICHAEL MUCHUKOT;;;;;;;;;;;;
JOMAG COMERCIO IMPORTACAO E EXPORTACAO LTDA;JOMAG COMERCIO IMPORTACAO E EXPORTACAO LTDA;;41800182000162;454771950118;;;08790230;SP;Mogi das Cruzes;AV HELIO BORENSTEIN;746;VILA OLIVEIRA
JONATHAN MATHEUS BEZERRA DE MORAES;;;50195281000153;;;;;;;;;
JOSE GERALDO ALVES;;;;;;;;;;;;
José IP;;;;;;;;;;;;
JOSE ROSERIO OLIVEIRA DE SOUSA - ME;;;14238865000103;;;;;;;;;
José Smail da Silva;;;;;;;;;;;;
JP EXTINTORES LTDA;;;65728117000131;;;;;;;;;
JRR SOLUÇÕES INDUSTRIAIS LTDA;;;55565462000148;;;;;;;;;
JULLIFLEX MANGUEIRAS E CONEXOES;;;17552590000168;;;;;;;;;
JVD COM EMBALAGENS EIRELI;;;;;;;;;;;;
J V G DE LIMA JUNIOR - DISTRIBUIDORA;J V G DE LIMA JUNIOR - DISTRIBUIDORA;;48262317000122;672674625118;;13991199375;08675420;SP;Suzano;Rua Aurora;350;Vila Sao Francisco
KAEMA COMERCIAL LTDA;;;01379616000188;;;;;;;;;
KAINÃ LIMA;;;;;;;;;;;;
Kaique marcal dos Santos;;38260330865;;;;;;;;;;
KALIFA BRINDES LTDA;;;49149975000175;;;;;;;;;
Kalunga;;;;;;;;;;;;
Karla Kister;;;;;;;;;;;;
KAZZA DAS FERRAGENS;;;12642277000105;;;;;;;;;
KELMI BORDADOS UNIFORMES;;;05465072000128;;;;;;;;;
KERNELTEC TECNOLOGIA DA INFOMAÇÃO LTDA;;;;;;;;;;;;
KEYENCE BRASIL COMERCIO D E PRODUTOS ELETRONICOS LT DA;;;;;;;;;;;;
KEYENCE BRASIL COMERCIO DE PRODUTOS ELETRONICO S LTDA;;;13743249000139;;;;;;;;;
Kibloky deposito;;;04410807000153;;;;;;;;;
KING COMERCIAL DISTRIBUIDORA;;;;;;;;;;;;
KISTER ENGENHARIA LTDA;;;66367250000172;;;;;;;;;
K . K DO BRASIL LTDA;;;65636888000107;;;;;;;;;
KOPPER COMERCIO LTDA;KOPPER COMERCIO LTDA;;45380895000175;799557045110;;1186265897;09632000;SP;São Bernardo do Campo;RUA IDA LEONI CLETO;710;RUDGE RAMOS
KUSTER HOTEL LTDA;;;;;;;;;;;;
LAB AUTOMACAOINDUSTRIAL LTDA;;;38210608000113;;;;;;;;;
LACRES ZENITH COMERCIO e INDUSTRIA DE MATERIAIS DE SEGURANCA;LACRES ZENITH COMERCIO e INDUSTRIA DE MATERIAIS DE SEGURANCA;;10428815000120;148359835111;;1120240427;03383070;SP;São Paulo;Rua Constantino Fusco;256;Capao da Embira
LALAMOVE TECNOLOGIA (BRASIL) L;;;;;;;;;;;;
LAMINA FERRO LIMITADA;;;;;;;;;;;;
LAMINA FERRO LIMITADA;LAMINA FERRO LIMITADA;;51365633000134;672027188112;;47461687;08615270;SP;Suzano;RUA VICENTE CELESTINO;309;VILA NOVA AMORIM
LANXESS Ind Prd Quim Plasticos LTDA;LANXESS Ind Prd Quim Plasticos LTDA;;06176436001437;400084068116;;1137416530;13241041;SP;Jarinu;Rod. Edgard Maximo Zambotto;S/N KM72.5;Jose de Lima
LAPEK COMERCIO E IMPORTACAO DE EQUIPAMENTOS LTDA;;;16823397000151;;;;;;;;;
LATAM;;;;;;;;;;;;
LAVACAR - ROBSON FABIANO DE SOUZA;;35942173885;;;;;;;;;;
LC ASSESORIA;;;;;;;;;;;;
Lenovo Tecnologia Brasil Ltda;Lenovo Tecnologia Brasil Ltda;;07275920000161;353299174110;;39325400;13337200;SP;Indaiatuba;Est Mun Jose Costa de Mesquita;200;Chacara Alvorada
LEVO-L.A. TRANSPORTADORA EIRELI;LEVO-L.A. TRANSPORTADORA EIRELI;;07678156000175;;;9920387;14091240;SP;Ribeirão Preto;AVENIDA MARIA DE JESUS CONDEIXA;600;JARDIM PALMA TRAVASSOS
Levo Transportes;;;;;;;;;;;;
LIBERO QUIMICOS;;;19833277000123;;;;;;;;;
LIBERTY LOGISTICA E TRANSPORTES LTDA;LIBERTY LOGISTICA E TRANSPORTES LTDA;;00395167000107;3949153670014;comercal04@grupolibramg.com.br;30435594;32672686;MG;Betim;RUA RIO GRANDE DO SUL;728;ESPIRITO SANTO
LIF SERVICE;;;;;;;;;;;;
LINA HILLMAN MATERIAIS ELETRICOS CIA. LTDA;LINA HILLMAN MATERIAIS ELETRICOS CIA. LTDA;;60520921000107;454095927112;;1147958500;08730000;SP;Mogi das Cruzes;R IPIRANGA;SN;JARDIM SANTISTA
Lívia Medeiros Storymaker;;;;;;;;;;;;
Liz MR Comercio e Representacoes Ltda;;;48244436000152;;;;;;;;;
LM SOLUÇOES DE TRANSITO LTDA;;;18657198000146;;;;;;;;;
Localiza;;;;;;;;;;;;
LocaWebe;;;;;;;;;;;;
LOJA GENIAL;;;48371069000158;;;;;;;;;
LOJAS SIMONETTI LTDA;;;31743818000128;;;;;;;;;
LOMUS MAQUINAS E EQUIPAMENTOS EIRELI;;;;;;;;;;;;
LONDRIBOR COMERCIO DE PLASTICOS E BORRACHAS LTDA;LONDRIBOR COMERCIO DE PLASTICOS E BORRACHAS LTDA;;52162833000152;9102664709;;4333043770;86025000;PR;Londrina;Rua Guapore;1184;Jardim Palmares
Lopes consultoria industrial;;;;;;;;;;;;
LOTUS - ALDIN DO BRASIL ADITIVOS LTDA;;;10775038000190;;;;88506570;SC;Lages;Rua Oscar L. Fernandes;50;São Paulo
LOTUS CENTRAL DE DIST DE HIGIENICOS LTDA;LOTUS CENTRAL DE DIST DE HIGIENICOS LTDA;;58055343000133;151556814114;;1127234000;08260090;SP;São Paulo;R PROF HASEGAWA;185;COLONIA
LRF DA SILVA MONTAGEM E INSTALAÇAO DE EQUIPAMENTOS LTDA;;;51854946000156;;;;;;;;;
LUAN MATERIAIS DE CONSTRUÇÃO;;;;;;;;;;;;
LUAN MATERIAIS DE CONSTRUCAO SUZANO LTDA;LUAN MATERIAIS DE CONSTRUCAO SUZANO LTDA;;00599385000155;672071967111;;1147484310;08616020;SP;Suzano;R JOSE CARDOSO XAVIER;440;JARDIM CACIQUE
Luciana Cyrillo de Siqueira;;;;;;;;;;;;
LUIZ PEDRO DE OLIVEIRA;;;;;;;;;;;;
LUIZ TADEU MASSONI 02754907858;;;28871391000139;;;;;;;;;
LWARCEL CELULOSE LTDA;LWARCEL CELULOSE LTDA;;53943098000187;416012530113;nfe@lwarcel.com.br;;18680900;SP;Lençóis Paulista;Rodovia Juliano Lorenzetti, Km;;DISTRITO EMPRESARIAL LUIZ TRECENTI
M2 COMERCIO S P P EIRELI;;;;;;;;;;;;
M2EX TRANSPORTES SLU LTDA;;;48007075000120;;;;;;;;;
M2G ENGENHARIA AMBIENTAL LTDA;;;37362087000157;;;;;;;;;
MADEIRA MORAIS;;;24872438000128;;;;;;;;;
MAGALU;;;;;;;;;;;;
MAKRO CONSTRUTORA, TINTAS E ACABAMENTOS LTDA;MAKRO CONSTRUTORA, TINTAS E ACABAMENTOS LTDA;;41256045000109;9088512500;;4236246234;85055380;PR;Foz do Iguaçu;AV. MANOEL RIBAS;4505;CONRADINHO
MANARC COMERCIO E SERVICO LTDA;;;32442211000170;;;;;;;;;
MANBORR BORRACHAS E MANGUEIRAS;;;;;;;;;;;;
Manuchar;;;;;;;;;;;;
MANUCHAR COMERCIO EXTERIOR LTDA;MANUCHAR COMERCIO EXTERIOR LTDA;;86907235000349;253365937;;4833558750;88780000;SC;Imbituba;RODOVIA BR 101, SN;;ALTO ARROIO
MANUCHAR COMÉRCIO EXTERIOR LTDA;MANUCHAR COMÉRCIO EXTERIOR LTDA;;86907235001400;;jessica.souza@manuchar.com.br;33367610;11570000;SP;Cubatão;AVENIDA ENGENHEIRO PLÍNIO DE QUEIRÓZ;;JARDIM SÃO MARCOS
MAPFRE;;;;;;;;;;;;
Marcelo Silveira  - Serralheiro;;28899624828;;;;;;;;;;
MARCOS BORGES DOS SANTOS TRANSPORTES LTDA;;;28999629000106;;;;;;;;;
MARCOS LEON MARIA ALOJAMENTOS LTDA;;;54761827000147;;;;;;;;;
Marcos Lima Pereira-EPP;Marcos Lima Pereira-EPP;;08730771000146;336803904111;;1128438158;07030020;SP;Guarulhos;Rua Joao Cavalari;222;Ponte Grande
MARIA INÊS SANTASOFIA;;01935340883;;;;;;;;;;
Masterseg Consultoria & Segurança do Trabalho.;;;20507906000104;;;;;;;;;
MAX SOARES DE SOUZA;;;;;;;;;;;;
MAYER TRANSPORTES;;;;;;;;;;;;
MCA ADMINISTRAÇÃO E SERVIÇOS IMOBILIARIOS LTDA;;;;;;;;;;;;
MCA Imobiliaria;;;;;;;;;;;;
MEGA COMBUSTAO COMPONENTES INDUSTRIAIS LTDA;MEGA COMBUSTAO COMPONENTES INDUSTRIAIS LTDA;;27980540000135;492928880110;;11959011066;07402295;SP;Arujá;Rua Marina de Lima Santangelo;48;Chacara Sao Jose
MEGA MANUTENÇÃO ELÉTRICA;;;36420788000132;;;;;;;;;
MEGA PRINT MOGI DAS CRUZES;;;31115358000193;;;;;;;;;
Mercado;;;;;;;;;;;;
Mercado Livre;;;;;;;;;;;;
MERCURIUS;;;;;;;;;;;;
MERITO COMERCIO E LTDA ME;;;01582892000149;;;;;;;;;
MERK MOVEIS COMERCIO VAREJISTA DE MOVEIS E DECORACOES LTDA;MERK MOVEIS COMERCIO VAREJISTA DE MOVEIS E DECORACOES LTDA;;55869335000132;263400379;;55996607587;89204001;SC;Joinville;Rua Doutor Joao Colin;1285;CENTRO
METAL PECAS E FERRAMENTAS LTDA 05.810.368/0001-39;METAL PECAS E FERRAMENTAS LTDA 05.810.368/0001-39;;05810368000139;62131947;;;45936000;BA;Mucuri;AVENIDA BRASIL;2;ITABATAN
MHM RADIADORES LTDA;;;09286157000108;;;;;;;;;
Michelle Sulfato;;;;;;;;;;;;
MILAN EQUIPAMENTOS CIENTIFICOS LTDA;MILAN EQUIPAMENTOS CIENTIFICOS LTDA;;75121434000149;1030150305;;4136214366;83402090;PR;Colombo;RUA JOSE BELEM;265;JARDIM CARVALHO
MilleniumEX moto e utilitários;;;;;;;;;;;;
Mix midia;;;;;;;;;;;;
MIX MIDIA LTDA;MIX MIDIA LTDA;;08179984000121;672182086110;;47428426;08674200;SP;Suzano;RUA VINTE E SETE DE OUTUBRO;282;CENTRO
MK QUIMICA DO BRASIL LTDA;;;92315332000507;;;;;;;;;
M&M QUIMICA PARTICIPACOES LTDA;;;45805227000142;;;;;;;;;
M&M QUIMICA REPRESENTACOES LTDA;;;;;;;;;;;;
MM SUL PRESTACAO DE SERVICOS EIRELI - ME;;;;;;;;;;;;
Modal;;;;;;;;;;;;
MOGIACO COMERCIAL LTDA;MOGIACO COMERCIAL LTDA;;03456496000109;454177409110;;1147955880;08735400;SP;Mogi das Cruzes;AV HENRIQUE PERES;1760;VILA BERNADOTTI
MOGI CORES TINTAS E MATERIAIS PARA PINTURA LTDA;MOGI CORES TINTAS E MATERIAIS PARA PINTURA LTDA;;28608002000349;150603650110;;1147951791;08730590;SP;Mogi das Cruzes;AVENIDA HENRIQUE EROLES;878;ALTO IPIRANGA
MOGI CORES TINTAS E MAT. PINTURA LTDA;MOGI CORES TINTAS E MAT. PINTURA LTDA;;28608002000187;454547048113;;1147212402;08740470;SP;Mogi das Cruzes;RUA THULLER;206;JARDIM UNIVERSO
MOGIGLASS ARTIGOS PARA LABORAT;;;;;;;;;;;;
MOGIGLASS ARTIGOS PARA LABORATORIOS LTDA;MOGIGLASS ARTIGOS PARA LABORATORIOS LTDA;;66886052000115;454115004113;;1147234110;08710590;SP;Mogi das Cruzes;RUA FRANCISCO FRANCO;511;CENTRO
MONACO METAIS COMERCIAL LTDA;MONACO METAIS COMERCIAL LTDA;;49393076000113;9098459801;;41998695013;80215184;PR;Curitiba;Rua Chile;1387;Prado Velho
MORAIS MOTORES ELETRICOS EIRELI;;;34719480000167;;;;;;;;;
Motoboy;;;;;;;;;;;;
Movida;;;07976147000160;;;;;;;;;
MP Bombas;;;;;;;;;;;;
MPILHADEIRAS NOBRE COMERCIO;;;;;;;;;;;;
MP Ind. Com. Equipamentos – EIRELI;;;46198188000125;;;;;;;;;
MRT ARQUITETURA;;;;;;;;;;;;
MTC INTERNACIONAL SOLUÇÕES;;;32779684000168;;;;;;;;;
Mtz;;;;;;;;;;;;
MULTICHEMIE IND E COM PRODS QUIMICOS LTDA;MULTICHEMIE IND E COM PRODS QUIMICOS LTDA;;55195747000134;278024647112;;1146139100;06705481;SP;Cotia;RUA TORRE EIFFEL;141;PARQUE RINCAO
MUVS SERVICOS DE TRANSPORTE EI;;;28866702000171;;;;;;;;;
MWT COM ROUPAS ESTAMP LTDA;;;17918683000163;;;;;;;;;
MZK EVENTOS;;;19869176000102;;;;;;;;;
Naim Comercial De Alimentos Eireli;Naim Comercial De Alimentos Eireli;;27839585000194;635977831112;;11983179692;09811100;SP;São Bernardo do Campo;Rua Miosotis;64;Assuncao
NEOBIO COMERCIO DE PRODUTOS PARA LABORATORIOS LTDA;NEOBIO COMERCIO DE PRODUTOS PARA LABORATORIOS LTDA;;08477087000102;224177287117;;1438805999;18608010;SP;Botucatu;Avenida AV JOAO BAPTISTA CARNIETTO;766;JARDIM ITAMARATI
NEO INFO DO BRASIL COMÉRCIO DE SUPRIMENTOS E SERVIÇOS DE INFORMÁTICA LTDA;;;;;;;;;;;;
Neon Comercial Reagentes Analíticos Ltda;;;00327149000341;;;;;;;;;
NERIVALDO EVANGANGELISTA SANTOS;;;;;;;;;;;;
NETLAB EQUIPAMENTOS PARA LABORATORIOS LTDA;NETLAB EQUIPAMENTOS PARA LABORATORIOS LTDA;;17524672000107;142078221119;;1123730040;03072020;SP;São Paulo;RUA LUIS FERREIRA;131;Tatuape
NETZSCH;;;;;;;;;;;;
NETZSCH DO BRASIL IND. COM. LTDA.;NETZSCH DO BRASIL IND. COM. LTDA.;;82749987000106;250005050;;;89107000;SC;Pomerode;RUA HERMANN WEEGE;2383;CENTRO
NEWLABOR PRODUTOS PARA LABORATORIO;NEWLABOR PRODUTOS PARA LABORATORIO;;50699194000133;454948761114;;1147953166;08750540;SP;Mogi das Cruzes;Rua Guilherme George;1834;Jundiapeba
NHEEL QUIMICA LTDA;NHEEL QUIMICA LTDA;;47003579000100;;emerson.narcizo@bauminas.com.br;35228230;13503750;SP;Rio Claro;ROD WASHINGTON LUIZ,KM 176;;JD CENTENARIO
NHL PRO SOUND LTDA;;;12470668000181;;;;;;;;;
Nordeste ultilidade;;;50048176000191;;;;;;;;;
NORTES TRANSP COM E SERV EIRELI;;;17814074000164;;;;;;;;;
NORTES TRANSPORTE COMERCIO E SERVIC;;;17814074000750;;;;;;;;;
Notehelp;;;;;;;;;;;;
NOVA ETICA PRODUTOS E EQUIPAMENTOS CIENTIFICOS LTDA;NOVA ETICA PRODUTOS E EQUIPAMENTOS CIENTIFICOS LTDA;;02063134000187;720009019112;;1141589100;06735182;SP;Vargem Grande Paulista;ESTRADA FRANCISCA MANOEL DE OLIVIERA;500;PORTAO VERMELHO
NOVALIFT TRANSPORTES DE CARGAS E MAQUINAS EM GERAL LTDA;;;02647151000161;;;;;;;;;
NOV@NET;;;14532009000158;;;;;;;;;
Novo Mundo Equips. de Protecao Ltda EPP;;;06116307000139;;;;;;;;;
NOVUS Produtos Eletrônicos Ltda;;;88176995000197;;;;;;;;;
OBRAMAX;;;;;;;;;;;;
Oficina do Espanhol;;;;;;;;;;;;
OKABE;;;;;;;;;;;;
OLIVEIRA MUNIZ MONITORAMENTO E SERVICOS LTDA-;;;42149175000105;;;;;;;;;
OMC FER TRANSPORTE E RECICLAGE;;;;;;;;;;;;
ONPAG SOLUCOES S A;;;;;;;;;;;;
O PONTO DO EPI;;;52833596000104;;;;;;;;;
ORIGINAL VEICULOS S.A;ORIGINAL VEICULOS S.A;;60894136001439;336782109110;;1123778220;07013090;SP;Guarulhos;AV ANTONIO DE SOUZA;736;JD SANTA FRANCISCA
ORLETTI VEICULOS E PECAS LTDA;ORLETTI VEICULOS E PECAS LTDA;;71189278000954;107372541;;7332818000;45827000;BA;Eunápolis;AVE ANTONIO CARLOS MAGALHAES;2065;MOTOR
ORVEL;;;;;;;;;;;;
OTUS SERVIÇOS INDUSTRIAIS LTDA;;;36556366000199;;;;;;;;;
PALLATINUS COMPANY ENGENHARIA LTDA;;;48970861000129;;;;;;;;;
PAPER PERSONALIZADOS;;;;;;;;;;;;
PASSAGEM AEREAS;;;;;;;;;;;;
Passagens aéreas diversas;;;;;;;;;;;;
PAULISTANA ASSESSORIA CONTABIL EIRELI- ME;;;17907796000163;;;;;;;;;
Paulo Henrique Macedo dos Santos;;41634334817;;;;;;;;;;
Paulo Hey;;;;;;;;;;;;
Pedreiro;;;;;;;;;;;;
PEDRO GOMES SILVA FILHO;;;48406198000134;;;;;;;;;
PEREZ MATERIAIS ELETRICOS E FERRAGENS LTDA;;;03260554000116;;;;;;;;;
PERIM COMERCIO DE AUTO PECAS LTDA;PERIM COMERCIO DE AUTO PECAS LTDA;;51195790000904;336544704111;;1124134000;07222040;SP;Guarulhos;RUA CLEMENTINA;45;CIDADE INDUSTRIAL SATELITE DE SAO PAULO
PETROSOL COMERCIO DE TAMBORES;;;12195059000161;;;;;;;;;
PG QUIMICA LTDA;;;15634502000141;;;;;;;;;
PHOENIX CHEMICALS QUIMICA INDL. LTDA;;;01743411000130;;;;;;;;;
Piracicaba;;;62473004000810;;;;;;;;;
PIZZINATTO INDUSTRIA DE METAIS LTDA;PIZZINATTO INDUSTRIA DE METAIS LTDA;;05552129000126;535352487117;;1934378300;13401040;SP;Piracicaba;RUA DA GLORIA;2315;PAULISTA
PLANAM FORROS E DIVISORIAS LTDA;PLANAM FORROS E DIVISORIAS LTDA;;67859025000116;113482445119;;1120904000;03602080;SP;São Paulo;AV. MIGUEL CATARINO;100;TATUAPE
Plásticos Cartie Industria e Comércio Ltda;;;05299685000132;;;;;;;;;
Plastwest ind de plást. LTDA;;;;;;;;;;;;
PL SERVICOS COMERCIAIS E APOIO ADMINISTRATIVO LTDA;;;51166489000107;;;;;;;;;
POLICIA CIVIL;;;04584297000130;;;;;;;;;
Policlinica;;;;;;;;;;;;
POLYPUS DISTRIBUIDORA LTDA;POLYPUS DISTRIBUIDORA LTDA;;57342071000190;150903413117;;19998098598;13026002;SP;Campinas;R URUGUAIANA;1440;BOSQUE
PORTO FELIZ IND E COM DE PAP E PAPELÃO LTDA;PORTO FELIZ IND E COM DE PAP E PAPELÃO LTDA;;50334614000340;554086895113;papel@centraldopapel.com.br;15997840906;18540000;SP;Porto Feliz;Rua Anita Garibaldi;1081;cangueira
PORTO SEGURO;;;;;;;;;;;;
POSTAL COMERCIO REPRESENTAÇÕES;;;07265597000145;;;;;;;;;
POSTO DE MOLAS;;;27890848000190;;;;;;;;;
POSTO SEGURO II - DERIVADOS DE PETROLEO LTDA - FILIAL 02;POSTO SEGURO II - DERIVADOS DE PETROLEO LTDA - FILIAL 02;;12125475000274;117355837;;;45900000;BA;Mucuri;ROD BR 101;SN;ITABATA
Pousada Coqueiral - ARACRUZ;;;10417545000151;;;;;;;;;
Pousada e Centro Esportivo Verde do Sonho LTDA;;;;;;;;;;;;
POUSADA HEY LTDA - ME;;;;;;;;;;;;
POUSADA RIO MUCURI;;;40542664000105;;;;;;;;;
POWER BEAR DO BRASIL - EQUIPAMENTOS PARA GESTAO DE RESIDUO;POWER BEAR DO BRASIL - EQUIPAMENTOS PARA GESTAO DE RESIDUO;;22627035000198;669907330112;;1532182562;18086000;SP;Sorocaba;Avenida Comendador Camillo Julio;1930;Jardim Ibiti do Paco
P.Q.A. PRODUTOS QUIMICOS ARACRUZ S/A;P.Q.A. PRODUTOS QUIMICOS ARACRUZ S/A;;03391001000798;140400144116;;1143238365;04582000;SP;São Paulo;RUA ALVARO RODRIGUES;182;VILA CORDEIRO
PQ PROFENI QUÍMICA;;;;;;;;;;;;
Prefeitura Municipal de Suzano;;;46523056000121;;;;;;;;;
Prime Lacres;;;;;;;;;;;;
PRODUCTOS QUIMICOS PANAMERICANOS S.A;;;;;;;;;;;;
PROJESAN SANEAMENTO AMBIENTAL LTDA - SP;PROJESAN SANEAMENTO AMBIENTAL LTDA - SP;;80696479000262;253066693113;;4737033000;13369899;SP;Capivari;RODOVIA DO ACUCAR;SN;CARACA
PROJET COMP COMERCIO E MANUTENCAO LTDA;PROJET COMP COMERCIO E MANUTENCAO LTDA;;50935462000179;672641815113;;1147524920;08694180;SP;Suzano;Rua Bandeirantes;1118;Jardim Revista
PROLAB MATERIAIS;;;52078276000196;;;;;;;;;
ProMinent Brasil Ltda.;ProMinent Brasil Ltda.;;38875381000125;635205573110;;1141760722;09672070;SP;São Bernardo do Campo;Rua Alfredo Dumont Villares;115;(Rua sem Saida) Taboao
PSA Transportadora;;;;;;;;;;;;
QUALITY LAVANDERIA;;;;;;;;;;;;
Quimesp Química Ltda;;;53393690000152;;;;;;;;;
QUIMIPLAX INDUSTRIA E COMERCIO DE PRODUTOS LTDA;QUIMIPLAX INDUSTRIA E COMERCIO DE PRODUTOS LTDA;;59280903000205;157521998111;;1143711206;03322002;SP;São Paulo;Rua Azevedo Soares;2657;Vila Gomes Cardim
QUIMITRANS LOGISTICA & TRANSPORTES LTD;;;;;;;;;;;;
R1 PARTICIPAÇÕES;;;;;;;;;;;;
R2E NETWORK COMERCIO E SERVIÇO EIRELI - R2E DO BRA;;;;;;;;;;;;
RANGEL MACEDO & ANDRADE LTDA;;;39959253000122;;;;;;;;;
RDV;;;;;;;;;;;;
RECEITA FEDERAL;;;;;;;;;;;;
REDEBRAS IND. E COM. DE PLAST. LTDA;;;66618638000107;;;;;;;;;
REDIVALDO TENORIO DA SILVA;;;33295921000188;;;;;;;;;
Registro de marcas;;;;;;;;;;;;
REI DO CELULAR;;;32816289000108;;;;;;;;;
REI DO OLEO SUZANO FILTROS E LUBRIFICANTES EIRELI;REI DO OLEO SUZANO FILTROS E LUBRIFICANTES EIRELI;;28899240000199;672370574111;;1147317654;08694000;SP;Suzano;AV FRANCISCO MARENGO;1630;JARDIM REVISTA
REIS E REIS INDUSTRIA E COMERCIO LTDA;REIS E REIS INDUSTRIA E COMERCIO LTDA;;00320025000172;645222053111;;1239669977;12238574;SP;São José dos Campos;RUA WILTON REIS COSTA, 220;.;ELDORADO CENTRO IND.E EMP.
REIS OFFICE PRODUCTS COMERCIAL LTDA;;;53617676000519;;;;;;;;;
Renato;;;;;;;;;;;;
Renato Ferez;;;;;;;;;;;;
Renato IP;;;;;;;;;;;;
RENOVIAS CONCESSIONARIA SA;;;;;;;;;;;;
Rescisão;;;;;;;;;;;;
RESTAURANTE ARTE DE COMIDA;;;05704977000103;;;;;;;;;
RESULT CONSULTORIA FINANCEIRA LTDA;;;42624323000104;;;;;;;;;
RETAPI INDÚSTRIA E COMÉRCIO - EIRELLI;;;;;;;;;;;;
REVEST BRASIL INDUSTRIA QUIMICA LTDA;REVEST BRASIL INDUSTRIA QUIMICA LTDA;;25454087000106;672335760116;;11947301976;08686000;SP;Suzano;AV JORGE BEI MALUF;843;VILA THEODORO
REYGAS COMERCIO DE GAS E TRANSPORTADORA LTDA;REYGAS COMERCIO DE GAS E TRANSPORTADORA LTDA;;34685582000109;160886907;;7388478718;45821190;BA;Eunápolis;Avenida Nordeste;435;Centauro
Robert Iury Ferreira santos;;;;;;;;;;;;
ROBSON VALENTIM DA SILVA;;;38173612000159;;;;;;;;;
ROCHA FORTE FERTILIZANTES LTDA;ROCHA FORTE FERTILIZANTES LTDA;;33180034000164;;luiyi.trivino@ambipar.com;996025284;84350000;PR;Ortigueira;ROD DO CAFE;633;VILA GOMES
RODONAVES TRANSPORTES;;;;;;;;;;;;
RODOTRUCK AUTO PECAS LTDA;;;44119877000171;;;;;;;;;
RODRIGO MANOEL NUNES REFORMAS;;;;;;;;;;;;
RODRIGUES AR CONDICIONADO E CLIMATIZACAO;RODRIGUES AR CONDICIONADO E CLIMATIZACAO;;23717474000154;0026647050094;;1147480244;37655000;MG;Itapeva;AVENIDA LEONARDO ROSSI;637;CENTRO
Rogenilson;;;;;;;;;;;;
Ronaldo Aparecido de Andrade;;34287837860;;;;;;;;;;
Ronaldo Ramos da Silva;;44233866829;;;;;;;;;;
ROSARIO QUIMICA;;;05349872000183;;;;;;;;;
ROSARIO QUIMICA IND E COM LTDA;ROSARIO QUIMICA IND E COM LTDA;;05349872000264;9115659518;;22181155;80020320;PR;Curitiba;"RUA MARECHAL DEODORO,51-CJ 808B;COND WENCESLAU GLASER ED";99;CENTRO
Rottotanques;;;;;;;;;;;;
ROTTOTANQUES BRASIL INDUSTRIA E COMERCIO DE PLASTICOS LTDA;ROTTOTANQUES BRASIL INDUSTRIA E COMERCIO DE PLASTICOS LTDA;;29205487000120;331036844114;;1125007881;08900000;SP;Guararema;EST MUNICIPAL JULIO LERARIO;224;INDUSTRIAL
RPI COMUNICACAO VISUAL;;;29718076000139;;;;;;;;;
R. REFRIGERACAO LTDA;R. REFRIGERACAO LTDA;;11885036000116;672219635118;;1147480244;08675000;SP;Suzano;RUA BARUEL;1091;CENTRO
RR MOTORES;;;11138346000177;;;;;;;;;
R. SANTOS IMOVEIS E ADMINISTRACAO LTDA;;;;;;;;;;;;
R SANTOS IMOVEIS E ADMINISTRAÇÃO LTDA;;;;;;;;;;;;
RSC SERVIÇO DE ENGENHARIA E REPRESENTAÇÃO COMERCIA;RSC SERVIÇO DE ENGENHARIA E REPRESENTAÇÃO COMERCIA;;23747133000121;177372525117;REGINALDO@GURUDAENGENHARIA.COM;11940142914;16015110;SP;Araçatuba;RUA MAJOR MENDONÇA;402;ROSELE
Rumo Química Importadora e Distribuidora Ltda;;;07297789000133;;;;;;;;;
Sabesp;;;;;;;;;;;;
SABOR GRILL;;;08790308000190;;;;;;;;;
Safra;;;;;;;;;;;;
SAINT-GOBAIN DISTRIBUICAO BRASIL LT;SAINT-GOBAIN DISTRIBUICAO BRASIL LT;;03840986005084;336911975110;;1140042444;07034010;SP;Guarulhos;RODOVIA PRESIDENTE DUTRA  KM224,82;SN;VILA AUGUSTA
SAINT-GOBAIN DISTRIBUICAO BRASIL LT;SAINT-GOBAIN DISTRIBUICAO BRASIL LT;;03840986001259;336767146114;;1140042444;07112900;SP;Guarulhos;AV. PRES TANCREDO DE ALMEIDA NEVES;1261;BOM JESUS
SAINT-GOBAIN DISTRIBUICAO BRASIL LT;SAINT-GOBAIN DISTRIBUICAO BRASIL LT;;03840986001097;116047703117;;1140042444;05034000;SP;São Paulo;AV. PRES CASTELO BRANCO;6201;AGUA BRANCA
Salarios;;;;;;;;;;;;
SALES EQUIP. E PROD. HIG. PROF. LTDA.;SALES EQUIP. E PROD. HIG. PROF. LTDA.;;10290557000168;148264300110;;1127234000;08260090;SP;São Paulo;R. PROF. HASEGAWA;250;COLONIA
SALES IND. COM. DE MAQUINAS LTDA.;SALES IND. COM. DE MAQUINAS LTDA.;;66826918000100;113252166117;;1127234000;08260090;SP;São Paulo;PROF. HASEGAWA;679;COLONIA
SALM PRODUTOS PARA NUTRICAO ANIMAL LTDA;;;49310327000159;;;;;;;;;
SALOMÃO SOUZA SANTANA;;;;;;;;;;;;
SA Manutenção de maquinas e equipamentos EIRELI;;;32110144000197;;;;;;;;;
Samuel;;;;;;;;;;;;
SAN REMO PIZZARIA;;;30628811000100;;;;;;;;;
SANTANA LOCAÇÕES MUNK E TRANSPORTES;;;39467280000188;;;;;;;;;
SANTANDER;;;;;;;;;;;;
Sao Jose EPI Ltda;Sao Jose EPI Ltda;;41579701000104;125545039115;;;12238170;SP;São José dos Campos;Rua Caravelas;610;Jardim Vale do Sol
SAO JOSE EPI LTDA;;;;;;;;;;;;
Sapore;;;;;;;;;;;;
SAPORE S.A.;SAPORE S.A.;;67945071000138;795359610111;;1937384000;13049900;SP;Campinas;AVENIDA ANTONIO ARTIOLI, 570;;SWISS PARK
SCHUTZ VASITEX INDÚSTRIA DE EMBALAGENS LTDA;;;;;;;;;;;;
SCIENTECH AMBIENTAL INDUSTRIA E COMERCIO - LTDA;SCIENTECH AMBIENTAL INDUSTRIA E COMERCIO - LTDA;;73181646000196;113921420112;;1125423305;03806000;SP;São Paulo;Avenida Paranagua;66;Ermelino Matarazzo
Scientech® AMBIENTAL INDÚSTRIA E COMÉRCIO LTDA.;;;;;;;;;;;;
Segurança do trabalho;;;;;;;;;;;;
SEGURANCA TOTAL - EPI IP;;;05999074000105;;;;;;;;;
SEGURANCA TOTAL EPIS LTDA;SEGURANCA TOTAL EPIS LTDA;;39268527000137;455286363118;;;13843006;SP;Mogi Guaçu;TOME DE SOUZA;24;VILA PARAISO
Seguros de Veículos;;;;;;;;;;;;
Senai;;;;;;;;;;;;
SENGES PAPEL E CELULOSE;SENGES PAPEL E CELULOSE;;43014521000704;;nfe@sengespapel.com.br;35678600;84220000;PR;Sengés;RUA LUIZ JOSE SGUARIO;127;CENTRO
SENSYM INDUSTRIA COMERCIO E SERVICOS ELETRONICOS LTDA EIRELI;SENSYM INDUSTRIA COMERCIO E SERVICOS ELETRONICOS LTDA EIRELI;;18466006000114;795390730118;;1932387780;13082050;SP;Campinas;RUA PEDRO STANCATO;350;CAMPO DOS AMARAIS
SERASA;;;;;;;;;;;;
SERGIO DOMINGOS ME;;;03024667000112;;;;;;;;;
Serralheiro;;;;;;;;;;;;
SERVICO NACIONAL DE APRENDIZAGEM INDUSTRIAL;;;03774819000102;;;;;;;;;
SEW-EURODRIVE BRASIL LTDA;;;50981018001757;;;;;;;;;
SFC ENGENHARIA LTDA;;;25248156000117;;;;;;;;;
SHANGRI-LA SERVICOS HOTELEIROS LTDA;;;40584054000166;;;;;;;;;
SHERATON HOTELARIA;;;08805504000190;;;;;;;;;
Siderquimica;;;;;;;;;;;;
SIDERQUIMICA IND. E COM. DE PRODS. QUIMICOS S/A;SIDERQUIMICA IND. E COM. DE PRODS. QUIMICOS S/A;;73586976000161;1050744090;;4121053838;83090360;PR;São José dos Pinhais;RODOVIA BR-376;22591;SAO MARCOS
SIDERQUIMICA INDUSTRIA E COMERCIO DE PRODUTOS QUIMICOS S/A;SIDERQUIMICA INDUSTRIA E COMERCIO DE PRODUTOS QUIMICOS S/A;;73586976000161;1050744090;gislene@siderquimica.com.br;4121016206;83015000;PR;São José dos Pinhais;RODOVIA BR-376;22591;OURO FINO
SIENSIE;;;13672812000125;;;;;;;;;
SIGMA ALDRICH BRASIL LTDA;SIGMA ALDRICH BRASIL LTDA;;68337658000127;241212031110;;1121708484;07790330;SP;Cajamar;VIA DE ACESSO SUL, KM 30, ROD ANHANGUERA;KM29,5;POLVILHO   -
SIGMA Gestão Ambiental;;;;;;;;;;;;
SILVANA MIRANDA RODRIGUES;;;;;;;;;;;;
SIND DAS INDS P CEL P MAD PAP ART DE P PAPELAO EST DO P;;;76694181000165;;;;;;;;;
Sindilojas - Convenio;;;;;;;;;;;;
SNF;;;;;;;;;;;;
SNF BRASIL COMERCIAL QUIMICA LTDA;SNF BRASIL COMERCIAL QUIMICA LTDA;;00934286000182;336493037110;;551123034290;07251280;SP;Guarulhos;ESTRADA BONSUCESSO ITAQUAQUECETUBA;80;VILA MARIA LOURDES
SODEXO;;;;;;;;;;;;
SODEXO PASS DO BRASIL SERV. E COM. S.A;;;69034668000156;;;;;;;;;
Solução química - MARCELO REGIS DA SILVA ZAMBOTTO - EPP;;;17294251000129;;;;;;;;;
SOLUTECH;;;03495513000109;;;;;;;;;
SOS Mangueiras & Conexões Ltda - EPP - SOS Mangueiras;;;14001527000145;;;;;;;;;
SP METAL IND MET LTDA;;;;;;;;;;;;
STILO BORRACHAS E PLAST LTDA;;;;;;;;;;;;
SUALL INDUSTRIA E COMERCIO LTD;;;60858131000136;;;;;;;;;
SUL AMERICA;;;;;;;;;;;;
SULMED MEDICINA E SEGURANCA DO;;;40656069000192;;;;;;;;;
SULYNDER SOLUCOES INDUSTRIAIS LTDA;;;61382604000134;;;;;;;;;
SUPERMERCADO RIMAR LTDA;;;;;;;;;;;;
SUZANBOMBAS COMERCIO DE BOMBAS;;;39414767000100;;;;;;;;;
Suzan Cooper;;;96327150000183;;;;;;;;;
Suzanil;;;;;;;;;;;;
SUZANIL EPI;;;;;;;;;;;;
Suzan Jet;;;;;;;;;;;;
SUZAN JET;;;04445269000132;;;;;;;;;
SUZAN JET MAQ. E EQUIPAMENTOS LTDA - ME;;;;;;;;;;;;
SUZAN JET MAQUINAS E EQUIPAMEN;;;;;;;;;;;;
SUZANO CARRINHOS RODAS;;;;;;;;;;;;
SUZANO DRYWALL CENTER;;;14625751000108;;;;;;;;;
Suzano EPI;;;;;;;;;;;;
SUZANO HOTEL CLUB LTDA;;;36097575000111;;;;;;;;;
SUZURAN BOMBONIERE LTDA - ME;;;;;;;;;;;;
SYLVAMO DO BRASIL LTDA;SYLVAMO DO BRASIL LTDA;;52736949001987;424058527115;marco.rodrigues1@ipaper.com;1639869154;14210000;SP;Luís Antônio;Rod. SP 255, Km 41,240;S/N;Varzea dos Genipapo
TABOAS & TABOAS COMERCIO DE GAS E AGUA LTDA;TABOAS & TABOAS COMERCIO DE GAS E AGUA LTDA;;38261130000150;672481419119;;11973947925;08655000;SP;Suzano;INDIO TIBIRICA;05465;VILA SOL NASCENTE
Takaharu Tatebe ENGENHEIRO CIVIL;;;;;;;;;;;;
Takahashi e Tomonari;;;;;;;;;;;;
TDPS TREINAMENTO E DESENVOLVIMENTO PROFISSIONAL E;;;;;;;;;;;;
Techcd Informatica, Comercio e Servicos EIRELI;Techcd Informatica, Comercio e Servicos EIRELI;;03520018000102;115623630114;;1136776655;05024030;SP;São Paulo;R VENANCIO AIRES;414;Vila Pompeia
TECLABEL SOLUCOES INDUSTRIAIS LTDA;TECLABEL SOLUCOES INDUSTRIAIS LTDA;;07114368000120;117041080115;;1121829400;04762040;SP;São Paulo;RUA PTOLOMEU;76;SOCORRO
TECLABEL SOLUÇÕES INDUSTRIAIS LTDA;;;;;;;;;;;;
TECNOCLEAN LAVAGENS LTDA;;;45583965000192;;;;;;;;;
TECNOPLAST AMBIENTAL;;;12930470000133;;;;;;;;;
TECNOTRI INDÚSTRIA DE PLASTICOS S.A - SP;;;04452774000376;;;;;;;;;
Tecservice Serviços de manutenção;;;17093317000112;;;;;;;;;
TEDEMIX INDUSTRIA E COMERCIO LTDA;TEDEMIX INDUSTRIA E COMERCIO LTDA;;00026733000103;118873726117;;1155101600;04691060;SP;São Paulo;RUA ARNALDO MAGNICCARO;868;VILA GEA
TEGIMA TUBOS VALVULAS E CONECÕES;;;07298798000149;;;;;;;;;
Tendemix;;;;;;;;;;;;
THIAGO PANDOLFI CALIMAN - ALUGUEL GALPÃO BAHIA EUNAPOLIS;;83350268587;;;;;;;;;;
THPEL DISTRIBUIDORA;;;;;;;;;;;;
TH PEL DISTRIBUIDORA EM GERAL E SERVICOS LOGISTICOS LTDA;;;44376148000109;;;;;;;;;
Tiago Silva frete;;;;;;;;;;;;
Tiago Silva - frete;;;;;;;;;;;;
TIBIKKO serviços;;;02964371000119;;;;;;;;;
TKS SERVICOS DE MONTAGEM LTDA;;;52954077000102;;;;;;;;;
Tobema Transportadora;;;;;;;;;;;;
TOLEDO DO BRASIL INDUSTRIA DE BALANCAS LTDA.;TOLEDO DO BRASIL INDUSTRIA DE BALANCAS LTDA.;;59704510000192;635542560110;;1143569000;09851330;SP;São Bernardo do Campo;Rua Manoel Cremonesi;1;Alves Dias
Tonico;;;;;;;;;;;;
Tonico ANTONIO CASTRO SAMPAIO - ME;;;;;;;;;;;;
TOPFER COMERCIO DE FERRO E AÇO;;;;;;;;;;;;
TOPFER COMERCIO DE FERRO E AÇO;;;;;;;;;;;;
TOP GAS - Cajaes Comércio de Gás Eireli;;;38733596000101;;;;;;;;;
TOP PAPER & BOX INDUSTRIA DE PAPEL E EMBALAGENS LTDA;TOP PAPER & BOX INDUSTRIA DE PAPEL E EMBALAGENS LTDA;;35503800000100;11603343;LFG@HOTMAIL.COM;2198185334;25946631;RJ;Guapimirim;COMANDANTE BARCELAR;731;VALE JEQUITIBA
Toyota Material Handling Mercosur Ind. e Com. de Equipamentos Ltda;;;06053214000889;;;;;;;;;
TOYOTA MAT HANDL MERC IND E COM EQ LTDA;TOYOTA MAT HANDL MERC IND E COM EQ LTDA;;06053214000102;799213842114;;1135110400;09852070;SP;São Bernardo do Campo;ESTRADA PARTICULAR SADAE TAKAGI;2235;COOPERATIVA
TQA INDUSTRIA E COMERCIO LTDA;TQA INDUSTRIA E COMERCIO LTDA;;01221461000157;225097533111;;551140405628;12914970;SP;Bragança Paulista;Rod Benevenuto Moreto Km 6;5;Sete Barras
transdelta transportadora delta ltda;transdelta transportadora delta ltda;;19898972000173;796013754117;;;;SP;Guarulhos;Rua Caminho do Campo do Rincão , 113 - Galpão 2 -;;
Transleste;;;;;;;;;;;;
TRANSMELO TRANSPORTES;;;08261602000104;;;;;;;;;
TRANSPORTADORA CEMIL LTDA;TRANSPORTADORA CEMIL LTDA;;77776060000478;;documentos.cemil@sengespapel.com.br.;35678600;84220000;PR;Sengés;AV ERMINIA ROLIM LUPION;;CENTRO
TRANSPORTADORA CONTATTO LTDA;;;43251230000306;;;;;;;;;
TRANSPORTADORA JVBC;;;;;;;;;;;;
Transportes de Cargas Cidade Edson Ltda;;;;;;;;;;;;
Transportes e logística campos;;;;;;;;;;;;
Transporte Trans Caçamba Eireli ME ou Cristiane Matiko Tashiro Kataoka;;;07893131000194;;;;;;;;;
TREVO ESTACIONAMENTO E LAVAGEM DE CAMINHOES LTDA;;;32204910000182;;;;;;;;;
Trianon;;;;;;;;;;;;
Trionon;;;;;;;;;;;;
TR NETTO;;;24744191000164;;;;;;;;;
TROPICOS INDUSTRIAL E COMERCIAL LTDA;TROPICOS INDUSTRIAL E COMERCIAL LTDA;;05520733000170;9027600163;;4236295909;85110000;PR;Guarapuava;Rua Avenida Padre Evaldo Feldhaus;S/N;Centro
Tseg Seguranca Ocupacional;;;45305820000120;;;;;;;;;
uber;;;;;;;;;;;;
Unidas;;;;;;;;;;;;
UNIMIX CONCRETO USINADO LTDA;;;51058574000151;;;;;;;;;
UNO COMERCIO DE MATERIAIS DE CONSTRUCAO;;;;;;;;;;;;
UNO COMERCIO DE MATERIAIS DE CONSTRUCAO LTDA;UNO COMERCIO DE MATERIAIS DE CONSTRUCAO LTDA;;74220112000437;672656450110;;1147413180;08673115;SP;Suzano;AVENIDA ARMANDO SALLES DE OLIVEIRA, 1520 - LOJA 1;1520;CONJUNTO RESIDENCIAL
UNO COMERCIO DE MATERIAIS ELETRICOS LTDA;;;;;;;;;;;;
UPPER RENTAL COMPANY LOCAÇÃO DE PLATAFORMAS LTDA.;;;;;;;;;;;;
UPS DO BRASIL REMESSAS EXPRESSAS;;;74155052000173;;;;;;;;;
UREIA BRASIL AGRONEGOCIO LTDA;UREIA BRASIL AGRONEGOCIO LTDA;;50744940000163;9100497392;;41987472453;83703035;PR;Araucária;ROD BR - 476;10055;PORTO DAS LARANJEIRAS
USINAGEM UNIÃO;;;;;;;;;;;;
UWL BRASIL;;;13753483000147;;;;;;;;;
Vale refeição Marcelo;;;;;;;;;;;;
Vale t;;;;;;;;;;;;
Vale Transporte;;;;;;;;;;;;
Vale - Transporte;;;;;;;;;;;;
VALLE EMPREITEIRA DE OBRAS DE ALVENARIA E JARDINAGEM LTDA;;;;;;;;;;;;
VANGUARD LOGISTICS;;;;;;;;;;;;
VERA LUCIA DE FREITAS MOGI DAS CRUZES-ME;VERA LUCIA DE FREITAS MOGI DAS CRUZES-ME;;04036876000149;454256805114;;1146935737;08772995;SP;Mogi das Cruzes;MINAS GERAIS;4;CHACARA DO GUANABARA
VERAS EMBALAGENS LTDA;;;30925840000126;;;;;;;;;
V G GURALH LTDA;;;;;;;;;;;;
VHF SACOLAS E TAPETES PERSONALIZADOS EIRELI;VHF SACOLAS E TAPETES PERSONALIZADOS EIRELI;;33333780000140;286541122118;;1140488066;09990570;SP;Diadema;R FERNANDO MARTINEZ GUEBARA;196;CONCEICAO
VIDEIRA;;;;;;;;;;;;
VIEIRA COMERCIO DE GAS LTDA ME;VIEIRA COMERCIO DE GAS LTDA ME;;11999789000152;379194398113;;1146474846;08595520;SP;Itaquaquecetuba;av roosevelt;95;jardim do vale
Vieira Gás;;;;;;;;;;;;
VINCENZO PERINI NETO;;;;;;;;;;;;
VINÍCIUS ZACARIAS MACEDO SANTOS;;19192899765;;;;;;;;;;
VITTA QUIMICA INDUSTRIA E COMERCIO LTDA;VITTA QUIMICA INDUSTRIA E COMERCIO LTDA;;10745687000148;528152556113;tatiana.ribeiro@vittaquimica.com.br;36447700;12412805;SP;Pindamonhangaba;AVENIDA DOM JOÃO VI;600;DISTRITO INDUSTRIAL
Vivo;;;;;;;;;;;;
VOLKSWAGEN DO BRASIL INDUSTRIA DE VEICULOS AUTOMOTORES LTDA;VOLKSWAGEN DO BRASIL INDUSTRIA DE VEICULOS AUTOMOTORES LTDA;;59104422005704;635014699111;;1143472355;09823901;SP;São Bernardo do Campo;ESTR. MARGINAL VIA ANCHIETA;S/N;DEMARCHI
VR METAIS CALDEIRARIA INDUSTRIAL LTDA;VR METAIS CALDEIRARIA INDUSTRIAL LTDA;;35399576000158;672457926116;;11986481956;08680010;SP;Suzano;AVENIDA PAUL PERCY HARRIS;936;VILA MARIA DE MAGGI
VZP COMERCIO DE EMBALAGENS LTDA ME;;;46204808000191;;;;;;;;;
WAGNER DIAS DE ANDRADE;WAGNER DIAS DE ANDRADE;;37802467000165;672496123114;;11984216337;08664735;SP;Suzano;Rua Valdecir Ferreira dos Reis;600;Jardim das Flores
WALB Engenharia e Comércio Ltda.;;;;;;;;;;;;
WALDESA MOTOMERCANTIL;;;05049535000170;;;;;;;;;
WANA INDUSTRIA E COMERC IO DE PRODUTOS QUIMICOS LTDA;;;07009769000209;;;;;;;;;
WATER LAB - ANALISES AMBIENTAIS LTDA EPP;;;67287326000112;;;;;;;;;
Wide pay;;;;;;;;;;;;
WIDE PAY PROCESSADOR DE PAGAMENTO  LTDA;WIDE PAY PROCESSADOR DE PAGAMENTO  LTDA;;25063833000122;;;;79005610;MS;Campo Grande;RUA PRIMEIRO DE JULHO;192;VILA CARVALHO
W M TRANSFORMADORES LTDA - EPP;W M TRANSFORMADORES LTDA - EPP;;02344628000130;115392294114;;1133317738;01208000;SP;São Paulo;RUA DOS ANDRADAS;460;SANTA IFIGENIA
WORLD RESIDUOS LTDA;;;10837412000134;;;;;;;;;
WRD - Comercio Atacadista de Materiais de Construcao;;;24394085000106;;;;;;;;;
WWR QUIMICOS LTDA;WWR QUIMICOS LTDA;;56072631000170;581244638119;;11976212753;09432300;SP;Ribeirão Pires;estrada de sapopemba;7.123;SANTA LUZIA
YZHAO - ECOMMERCE - COMERCIO DE ACESSORIOS E ARMARINHOS EM G;YZHAO - ECOMMERCE - COMERCIO DE ACESSORIOS E ARMARINHOS EM G;;38482457000152;154379009119;;11911292026;01506900;SP;São Paulo;Rua Galvao Bueno;212;Liberdade
ZÜRICH INDÚSTRIA E COMÉRCIO LTDA.;;;;;;;;;;;;
Zw Motores Elétricos;;;;;;;;;;;;
