Nome;Razão social;CNPJ;Inscrição estadual;E-mail principal;Telefone principal;CEP;UF;Cidade;Endereço;Número;Bairro;Complemento
58.555.874 THIAGO LIMA DA SILVA;;58555874000195;;;;;;;;;;
7000 - VERACEL CELULOSE S/A;VERACEL CELULOSE S.A.;40551996000148;30262313;GRP_FISCAL_CONTABIL@VERACEL.COM.BR;7331668023;45820970;BA;Eunápolis;BRASILANDIA, BA 275 KM 24;S/N;ZONA RURAL;
ABTCP - Associação Brasileira Técnica de Celulose e Papel;;62259270000179;;;;;;;;;;
ADF EMPRESAS REUNIDAS LTDA;ADF EMPRESAS REUNIDAS LTDA;10508274000140;;compras1@adflog.com.br;31501100;86720000;PR;Sabáudia;AVENIDA DURANTE;3428;PARQUE INDUSTRIAL;CAIXA POSTAL 123
ADF PAPEIS E ONDULADOS LTDA;ADF PAPEIS E ONDULADOS LTDA;01990844000190;;carlos.castro@adflog.com.br;33443042;89839000;SC;Jupiá;ROD ESTADUAL 480;;AREA RURAL;KM 15
ALEMAGRI PETSHOP LTDA;ALEMAGRI PETSHOP LTDA;28879966000160;;CADASTRO@GIANOTTICONTABILIDADE.COM.BR;40323350;12902000;SP;Bragança Paulista;AVENIDA DOS IMIGRANTES;928;JARDIM AMÉRICA;
ALEMORA PETSHOP EIRELI;ALEMORA PETSHOP EIRELI;33875085000100;;CADASTRO@GIANOTTICONTABILIDADE.COM.BR;40323350;12946000;SP;Atibaia;AVENIDA SANTANA;93;NOVA GARDÊNIA;LOJA 02
APLICAÇÕES CDBI;;;;;;;;;;;;
ARACAURIA INDUSTRIA E COMERCIO DE PAPEIS LTDA;ARAUCARIA INDUSTRIA E COMERCIO DE PAPEIS LTDA;03505376000146;9020115600;matheus@araucariapapeis.com;46999209363;85560000;PR;Chopinzinho;LOC DE LINHA ALEGRIA;S/N;INTERIOR;
AVELINO BRAGAGNOLO S A INDUSTRIA E COMERCIO;AVELINO BRAGAGNOLO S A INDUSTRIA E COMERCIO;84586833000257;250358522;bragagnolo@bragagnolo.com.br;4944173000;89694000;SC;Faxinal dos Guedes;ROD FAG-050 KM 13;S/N;BARRA GRANDE;
B FEU MECANICA DISEL LTDA;;32022763000120;;;;;;;;;;
BIGNARDI IND E COM PAP ARTEF LTDA;BIGNARDI IND E COM PAP ARTEF LTDA;61192522000127;;;1131244208;13211771;SP;Jundiaí;AV ANTONIO PINCINATO;7600;ERMIDA;
BIOGREEN INDUSTRIA QUIMICA LTDA;;;;adm@biogreenquimica.com.br;11996596915;;;;;;;
BIOGREEN INDÚSTRIA QUÍMICA LTDA;;21735150000202;;CONTATO@BIOGREENQUIMICA.COM.BR;;45829116;BA;Eunápolis;RUA DAS FLORES;04;URBIS I;
Bruno Toledo Lima Vaz;;;;;;;;;;;;
CARVALHEIRA INDÚSTRIA DE PAPÉIS LTDA;CARVALHEIRA INDÚSTRIA DE PAPÉIS LTDA;11405532000125;;CARVALHEIRA@CARVALHEIRARAPAPEIS.COM.BR;40124419;12955000;SP;Bom Jesus dos Perdões;ESTRADA MUNINCIPAL CORONEL NELSON BROTTO;220;GUAXINDUVA;
CASCARDI SANEAMENTO BASICO LTD;;66657891000161;;;;;;;;;;
CHEMICALS UNIVERSAL INDUSTRIAL LTDA;;13530388000184;;;;;;;;;;
CIA SUZANO PAPEL E CELULOSE UNIDADE SUZANO;SUZANO S.A.;16404287004738;672002291110;REGULARIDADES@SUZANO.COM.BR;1136365186;08613900;SP;Suzano;RUA PRUDENTE DE MORAES, 4006;4006;VILA SANTANA;CONJ  FABRICA SUZANO
CIBRAPEL S/A INDUSTRIA DE PAPEL E EMBALAGENS;CIBRAPEL S/A INDUSTRIA DE PAPEL E EMBALAGENS;33352881000320;;;26322313;25946151;RJ;Guapimirim;RUA COMANDANTE BARCELAR;731;CENTRO;
COMERCIAL NOGUEIRA E NOGUEIRA LTDA;COMERCIAL NOGUEIRA E NOGUEIRA LTDA;23951623000145;;CERBONI@SAPUCANET.COM.BR;32412007;37570000;MG;Ouro Fino;R CONSTANT JARDIM,;75;CENTRO;
Compass Minerals America do Sul Industria;;;;;;;;;;;;
CONTECH PRODUTOS BIODEGRADAVEIS S/A;CONTECH PRODUTOS BIODEGRADAVEIS S/A;62239488000161;;elcio.braga@contechbrasil.com;38817200;13278073;SP;Valinhos;RUA CATHARINA FARSARELLA GALLEGO;126;CHÁCARAS SÃO BENTO;
DIALLI DISTRIBUIDORA DE ALIMENTOS LTDA;DIALLI DISTRIBUIDORA DE ALIMENTOS LTDA;02611870000122;;logistica.depositolda5@dialli.com.br;30292800;86075170;PR;Londrina;AVENIDA SARGENTO MAURÍCIO AGOSTINHO PEREIRA;290;PARQUE COMERCIAL QUATI;
Douglas da Silva Pires;;;;;;;;;;;;
DSI - DUTCH STARCHES INTERNATIONAL DO BRASIL AMIDOS LTDA;DSI - DUTCH STARCHES INTERNATIONAL DO BRASIL AMIDOS LTDA;05508838000619;;thiago.correa@dsi.ind.br;35281271;85935000;PR;Assis Chateaubriand;ROD PR 364 - KM 03 - LOTE:69;;GLEBA TUPÃSSI;
EDENILSON MARQUES;;;;;;;;;;;;
ELIEL FRANCISCO MALAQUIAS;;07885340000196;;;;;;;;;;
Expresso Elimar;;;;;;;;;;;;
Francisco Carlos dos Santos;;;;;;;;;;;;
GAFRE LAVANDERIA LTDA ME;;;;;;;;;;;;
GESSO IDEAL;;12774317000164;;;;;;;;;;
GOMES E CAMARGO – SOCIEDADE DE ADVOGADOS;;26545100000197;;;;;;;;;;
GUARA QUIMICA INDUSTRIA E COMERCIO LTDA;;;;;;;;;;;;
Hotel JGF EMPREENDIMENTOS HOTELEIROS;;;;;;;;;;;;
IBERKRAFT INDUSTRIA DE PAPEL E CELULOSE LTDA / UNIDADE GUARAPUAVA;;77124634000180;4010449141;ary@iberkraft.com.br;55423629800;85010290;PR;Guarapuava;Rua Saldanha Marinho;s/n;Centro;
IBERKRAFT INDÚSTRIA DE PAPEL E CELULOSE LTDA – UNIDADE QUEDAS DO IGUAÇU;;77124634000695;9109492768;;;85460000;PR;Quedas do Iguaçu;ROD PR 473, KM2,6, S/N;SN;Centro;
IBERSUL INDUSTRIA DE PAPEL CELULOSE LTDA.;IBERSUL INDUSTRIA DE PAPEL E CELULOSE LTDA. EM RECUPERACAO JUDICIAL;08988218000108;9041247530;ONILIO@IBERKRAFT.COM.BR;4236298000;85460000;PR;Quedas do Iguaçu;PR 473, KM 2,6;S/N;FAZENDA RIO DAS COBRAS;KM    2,6
ICL AMERICA DO SUL;ICL AMERICA DO SUL S.A.;60398138000465;672212533110;FISCAL.SUZANO@ICL-GROUP.COM;1128080600;08655000;SP;Suzano;INDIO TIBIRICA;500;VILA SOL NASCENTE;
Importação;;;;;;;;;;;;
INDUSTRIA DE PAPÉIS E EMBALAGENS PONTE NOVA LTDA.;INDUSTRIA DE PAPÉIS E EMBALAGENS PONTE NOVA LTDA.;02625899000163;;nfe@pontenovapapeis.ind.br;3138198200;35430085;MG;Ponte Nova;RUA FELISBERTO LEOPOLDO;756;SANTA TERESA;
INFO WORLD LTDA;;74210584000166;;;;;;;;;;
INGER DO BRASIL COMERCIO DE PRODUTOS QUIMICOS LTDA;;10328941000102;;;;;;;;;;
INOVAMAX PRODUTOS QUIMICOS;;18659412000101;;compras@inovamaxquimica.com.br;1633220344;14808155;SP;Araraquara;Rua do Vereador;220;2° Distrito Industrial (Domingos Ferrari);
INPA INDUSTRIA DE EMBALAGENS SANTANA S/A;INPA INDUSTRIA DE EMBALAGENS SANTANA S/A;23524952000100;;nfeentrada.impa@smurfitkappa.com.br;34653000;36730000;MG;Pirapetinga;RUA INPA;186;CENTRO;
INTERNATIONAL PAPER DO BRASIL LTDA;INTERNATIONAL PAPER DO BRASIL LTDA;52736949000158;;Ana.Caroline@ipaper.com;38618857;13845901;SP;Mogi Guaçu;RODOVIA SP-340 KM 171;;VILA CHAMPION;
JESFE SOLDAS E MONTAGENS INDUSTRIAIS LTDA;;45446958000149;;;;;;;;;;
Kaique marcal dos Santos;;;;;;;;;;;;
KEMIRA CHEMICALS BRASIL LTDA;KEMIRA CHEMICALS BRASIL LTDA;03944724000262;;;;84275000;PR;Telêmaco Borba;ROD DO PAPEL PR 160;;DIST.IND.TRIANGULO;
Klabin S.A.;Klabin S.A.;89637490016572;;KLAI00123704@KLABIN.COM.BR;30469938;84350000;PR;Ortigueira;FAZENDA APUCARANA GRANDE;;DISTRITO DE NATINGUI;KM 2
KOS MINERALS BENEFICIAMENTO DE MINERAIS LTDA;;31721872000172;;;;;;;;;;
LABORAVES COMERCIO DE PRODUTOS AGROPECUARIOS LTDA;LABORAVES COMERCIO DE PRODUTOS AGROPECUARIOS LTDA;43467802000119;;;8709888;13900400;SP;Amparo;AVENIDA BERNARDINO DE CAMPOS;254;CENTRO;
LIPESA DO BRASIL;;;;;;;;;;;;
LOTUS - ALDIN DO BRASIL ADITIVOS LTDA;;10775038000190;;;;88506570;SC;Lages;Rua Oscar L. Fernandes;50;São Paulo;
LUNIFER S SERVICOS LOGISTICOS;LUNIFER S SERVICOS LOGISTICOS;08690326000108;;operacional@lunifers.com.br;32234465;11013100;SP;Santos;RUA DOUTOR COCHRANE;53;PAQUETA;
LWARCEL CELULOSE LTDA;LWARCEL CELULOSE LTDA;53943098000187;;nfe@lwarcel.com.br;;18680900;SP;Lençóis Paulista;Rodovia Juliano Lorenzetti, Km;;DISTRITO EMPRESARIAL LUIZ TRECENTI;
MADEIRA MORAIS;;24872438000128;;;;;;;;;;
Maxxi Papeis e Embalagens Ltda.;;43182743000213;15029347511;financeiro@maxxipapeis.com.br;;03204000;SP;São Paulo;Rua Iguará;503;Vila Alpina;
MELHORAMENTOS FLORESTAL LTDA;MELHORAMENTOS FLORESTAL LTDA.;02440482000479;1059885590053;FISCAL@MELHORAMENTOS.COM.BR;35992759082;37650000;MG;Camanducaia;LEVANTINA;S/N;JAGUARI DO MEIO;SALA  01
MHM RADIADORES LTDA;;09286157000108;;;;;;;;;;
NHL PRO SOUND LTDA;;12470668000181;;;;;;;;;;
NOVAKRAFT;;;;;;;;;;;;
NOVALIFT TRANSPORTES DE CARGAS E MAQUINAS EM GERAL LTDA;;02647151000161;;;;;;;;;;
Novogreen;;;;;;;;;;;;
OMNI-TECH Industria e Comércio de Produtos Químicos Ltda;OMNI-TECH Industria e Comércio de Produtos Químicos Ltda;04945379000163;;roberto@omnitechquimica.com.br;40148004;13260000;SP;Morungaba;RUA JOAQUIM SERAFIM;445;SÃO BENEDITO;
PAULO HEY;;;;;;;;;;;;
PISCICULTURA PE DE COELHO LTDA - EPP;PISCICULTURA PE DE COELHO LTDA - EPP;03552876000139;;;;54700000;PE;Abreu e Lima;RODOVIA PE-05 DIST INDUSTRIAL;;SANTOS DUMONT;LOTE N 5A KM 25
PORTO FELIZ IND E COM DE PAP E PAPELÃO LTDA;PORTO FELIZ IND E COM DE PAP E PAPELÃO LTDA;50334614000340;;papel@centraldopapel.com.br;15997840906;18540000;SP;Porto Feliz;Rua Anita Garibaldi;1081;cangueira;
PORTO INDUSTRIA DE PAPEL E ARTEFATOS LTDA;;35452935000193;;;;;;;;;;
QUIMTIA S.A;;;;;;;;;;;;
RCP PAPEIS UNIPESSOAL LTDA;;07168823000170;;recebimentoquedas@iberkraft.com.br;1935334254;13503519;SP;Rio Claro;Rua 9 JC;100;Jardim Maria Cristina;
RD INDUSTRIA E COMERCIO DE PAPEL E EMBALAGEM LTDA;;;;;;;;;;;;
Renato Ferez;;;;;;;;;;;;
REVEST BRASIL TINTAS E REVESTI;;25454087000106;;;;;;;;;;
RSC SERVIÇO DE ENGENHARIA E REPRESENTAÇÃO COMERCIAL LTDA.;RSC SERVIÇO DE ENGENHARIA E REPRESENTAÇÃO COMERCIAL LTDA.;23747133000121;;REGINALDO@GURUDAENGENHARIA.COM;11940142914;16015110;SP;Araçatuba;RUA MAJOR MENDONÇA;402;ROSELE;
RUDOLF SIZING AMIDOS;;;;;;;;;;;;
Samuel;;;;;;;;;;;;
SENGES PAPEL E CELULOSE;SENGES PAPEL E CELULOSE;43014521000704;;nfe@sengespapel.com.br;35678600;84220000;PR;Sengés;RUA LUIZ JOSE SGUARIO;127;CENTRO;
SIDERQUIMICA INDUSTRIA E COMERCIO DE PRODUTOS QUIMICOS S/A;SIDERQUIMICA INDUSTRIA E COMERCIO DE PRODUTOS QUIMICOS S/A;73586976000161;1050744090;gislene@siderquimica.com.br;4121016206;83015000;PR;São José dos Pinhais;RODOVIA BR-376;22591;OURO FINO;KM 625
SOLLI'S SOLUCOES EM AGUAS INDUSTRIAIS EIRELI-EPP;;;;;;;;;;;;
Suzano Mucuri;;16404287001399;;;;;;;;;;
SUZANO SA UNIDADE JACAREI;;16404287045418;;;;;;;;;;
SUZANO S A UNIDADE LIMEIRA;;16404287015691;;;;;;;;;;
SUZANO SA UNIDADE TRÊS LAGOAS;;;;;;;;;;;;
SYLVAMO DO BRASIL LTDA;SYLVAMO DO BRASIL LTDA;52736949001987;424058527115;marco.rodrigues1@ipaper.com;1639869154;14210000;SP;Luís Antônio;Rod. SP 255, Km 41,240;S/N;Varzea dos Genipapo;
TKS SERVICOS DE MONTAGEM LTDA;;52954077000102;;;;;;;;;;
TOP PAPER & BOX INDUSTRIA DE PAPEL E EMBALAGENS LTDA;TOP PAPER & BOX INDUSTRIA DE PAPEL E EMBALAGENS LTDA;35503800000100;11603343;LFG@HOTMAIL.COM;2198185334;25946631;RJ;Guapimirim;COMANDANTE BARCELAR;731;VALE JEQUITIBA;
TROPICOS INDUSTRIAL E COMERCIAL LTDA;TROPICOS INDUSTRIAL E COMERCIAL LTDA;05520733000170;9027600163;;4236295909;85110000;PR;Guarapuava;Rua Avenida Padre Evaldo Feldhaus;S/N;Centro;
UNIDADE INDUSTRIAL CATAGUASES - MG;;02625899000244;;;;36774550;MG;Cataguases;Rua Ondina Carvalheira Peixoto;300;Chácaras Palmeiras;
UNO COMERCIO DE MATERIAIS DE CONSTRUCAO LTDA;UNO COMERCIO DE MATERIAIS DE CONSTRUCAO LTDA;74220112000437;672656450110;;1147413180;08673115;SP;Suzano;AVENIDA ARMANDO SALLES DE OLIVEIRA, 1520 - LOJA 1;1520;CONJUNTO RESIDENCIAL;
VITTA QUIMICA INDUSTRIA E COMERCIO LTDA;VITTA QUIMICA INDUSTRIA E COMERCIO LTDA;10745687000148;;CONTABILIDADE@GRUPOTQA.COM.BR;1236447700;12412805;SP;Pindamonhangaba;DOM JOAO VI;600;SOCORRO;PARQUE EMPRESARIAL        SANTA RITA
VMZ INDUSTRIA E COMERCIO DE PRODUTOS QUIMICOS LTDA;;37462869000168;;;;;;;;;;
WALDESA MOTOMERCANTIL;;05049535000170;;;;;;;;;;
Waltice;;;;;;;;;;;;
